DIABETES,HIPERTENSION,OBESITY,death_rate,n,features,combo,COPD,ASTHMA,CARDIOVASCULAR,RENAL_CHRONIC,INMSUPR,TOBACCO,OTHER_DISEASE
,,,0.5706666666666667,375,COPD + RENAL_CHRONIC + INMSUPR,1_1_0,1.0,,,1.0,0.0,,
,,,0.5652173913043478,322,COPD + CARDIOVASCULAR + RENAL_CHRONIC,1_0_1,1.0,,0.0,1.0,,,
,,,0.5648854961832062,393,COPD + ASTHMA + RENAL_CHRONIC,1_0_1,1.0,0.0,,1.0,,,
,,,0.5552147239263804,326,COPD + RENAL_CHRONIC + TOBACCO,1_1_0,1.0,,,1.0,,0.0,
,,,0.5483028720626631,383,COPD + RENAL_CHRONIC + OTHER_DISEASE,1_1_0,1.0,,,1.0,,,0.0
1.0,,,0.5438972162740899,4203,DIABETES + ASTHMA + RENAL_CHRONIC,1_0_1,,0.0,,1.0,,,
1.0,,,0.5437516037977932,3897,DIABETES + RENAL_CHRONIC + TOBACCO,1_1_0,,,,1.0,,0.0,
1.0,,,0.5436039205830611,3979,DIABETES + RENAL_CHRONIC + INMSUPR,1_1_0,,,,1.0,0.0,,
1.0,1.0,,0.5427603725656224,3543,DIABETES + HIPERTENSION + RENAL_CHRONIC,1_1_1,,,,1.0,,,
,,0.0,0.5407166123778502,307,OBESITY + COPD + RENAL_CHRONIC,0_1_1,1.0,,,1.0,,,
1.0,,,0.5403527525387494,3742,DIABETES + CARDIOVASCULAR + RENAL_CHRONIC,1_0_1,,,0.0,1.0,,,
1.0,,,0.5399400898652021,4006,DIABETES + RENAL_CHRONIC + OTHER_DISEASE,1_1_0,,,,1.0,,,0.0
1.0,,,0.5390334572490706,4035,DIABETES + COPD + RENAL_CHRONIC,1_0_1,0.0,,,1.0,,,
1.0,,0.0,0.5374923171481254,3254,DIABETES + OBESITY + RENAL_CHRONIC,1_0_1,,,,1.0,,,
1.0,,1.0,0.535031847133758,1099,DIABETES + OBESITY + RENAL_CHRONIC,1_1_1,,,,1.0,,,
,,,0.5346534653465347,505,RENAL_CHRONIC + TOBACCO + OTHER_DISEASE,1_0_1,,,,1.0,,0.0,1.0
,,,0.5330396475770925,454,RENAL_CHRONIC + INMSUPR + OTHER_DISEASE,1_0_1,,,,1.0,0.0,,1.0
,,,0.5327510917030568,458,CARDIOVASCULAR + RENAL_CHRONIC + OTHER_DISEASE,0_1_1,,,0.0,1.0,,,1.0
,,,0.531986531986532,297,COPD + INMSUPR + OTHER_DISEASE,1_0_1,1.0,,,,0.0,,1.0
,,,0.5297805642633229,319,COPD + ASTHMA + OTHER_DISEASE,1_0_1,1.0,0.0,,,,,1.0
,,,0.5289855072463768,276,COPD + CARDIOVASCULAR + OTHER_DISEASE,1_0_1,1.0,,0.0,,,,1.0
,1.0,,0.5240641711229946,374,HIPERTENSION + COPD + RENAL_CHRONIC,1_1_1,1.0,,,1.0,,,
,,,0.5234657039711191,554,ASTHMA + RENAL_CHRONIC + OTHER_DISEASE,0_1_1,,0.0,,1.0,,,1.0
,1.0,1.0,0.5215272136474411,1231,HIPERTENSION + OBESITY + RENAL_CHRONIC,1_1_1,,,,1.0,,,
,,,0.52,275,COPD + TOBACCO + OTHER_DISEASE,1_0_1,1.0,,,,,0.0,1.0
,,,0.5162523900573613,523,COPD + RENAL_CHRONIC + OTHER_DISEASE,0_1_1,0.0,,,1.0,,,1.0
1.0,,,0.5155482815057283,611,DIABETES + CARDIOVASCULAR + RENAL_CHRONIC,1_1_1,,,1.0,1.0,,,
,,0.0,0.5148936170212766,235,OBESITY + COPD + OTHER_DISEASE,0_1_1,1.0,,,,,,1.0
,,0.0,0.513953488372093,430,OBESITY + RENAL_CHRONIC + OTHER_DISEASE,0_1_1,,,,1.0,,,1.0
,1.0,,0.5123595505617977,445,HIPERTENSION + RENAL_CHRONIC + OTHER_DISEASE,1_1_1,,,,1.0,,,1.0
1.0,0.0,,0.5111111111111111,810,DIABETES + HIPERTENSION + RENAL_CHRONIC,1_0_1,,,,1.0,,,
,1.0,,0.5094850948509485,4797,HIPERTENSION + RENAL_CHRONIC + INMSUPR,1_1_0,,,,1.0,0.0,,
1.0,,,0.5094339622641509,318,DIABETES + COPD + RENAL_CHRONIC,1_1_1,1.0,,,1.0,,,
,,,0.5094339622641509,848,ASTHMA + CARDIOVASCULAR + RENAL_CHRONIC,0_1_1,,0.0,1.0,1.0,,,
,1.0,,0.508209538702111,5116,HIPERTENSION + ASTHMA + RENAL_CHRONIC,1_0_1,,0.0,,1.0,,,
,1.0,,0.5051676861421641,4741,HIPERTENSION + RENAL_CHRONIC + TOBACCO,1_1_0,,,,1.0,,0.0,
,1.0,,0.5033288948069241,751,HIPERTENSION + CARDIOVASCULAR + RENAL_CHRONIC,1_1_1,,,1.0,1.0,,,
,1.0,,0.5020957423339951,4533,HIPERTENSION + CARDIOVASCULAR + RENAL_CHRONIC,1_0_1,,,0.0,1.0,,,
,,,0.5016722408026756,299,COPD + RENAL_CHRONIC + OTHER_DISEASE,1_0_1,1.0,,,0.0,,,1.0
1.0,,,0.5014409221902018,347,DIABETES + RENAL_CHRONIC + OTHER_DISEASE,1_1_1,,,,1.0,,,1.0
,1.0,,0.501343252738169,4839,HIPERTENSION + RENAL_CHRONIC + OTHER_DISEASE,1_1_0,,,,1.0,,,0.0
,,,0.5012953367875648,772,CARDIOVASCULAR + RENAL_CHRONIC + OTHER_DISEASE,1_1_0,,,1.0,1.0,,,0.0
,1.0,,0.5006109979633401,4910,HIPERTENSION + COPD + RENAL_CHRONIC,1_0_1,0.0,,,1.0,,,
0.0,,,0.5,190,DIABETES + COPD + OTHER_DISEASE,0_1_1,1.0,,,,,,1.0
,,,0.5,764,CARDIOVASCULAR + RENAL_CHRONIC + INMSUPR,1_1_0,,,1.0,1.0,0.0,,
,,0.0,0.49734513274336284,565,OBESITY + CARDIOVASCULAR + RENAL_CHRONIC,0_1_1,,,1.0,1.0,,,
,1.0,0.0,0.49642240315815445,4053,HIPERTENSION + OBESITY + RENAL_CHRONIC,1_0_1,,,,1.0,,,
,,,0.4961340206185567,776,COPD + CARDIOVASCULAR + RENAL_CHRONIC,0_1_1,0.0,,1.0,1.0,,,
,,,0.4959677419354839,744,CARDIOVASCULAR + RENAL_CHRONIC + TOBACCO,1_1_0,,,1.0,1.0,,0.0,
,,0.0,0.4924078091106291,461,OBESITY + COPD + CARDIOVASCULAR,0_1_1,1.0,,1.0,,,,
,,,0.49171270718232046,543,COPD + CARDIOVASCULAR + TOBACCO,1_1_0,1.0,,1.0,,,0.0,
1.0,1.0,,0.48883374689826303,1612,DIABETES + HIPERTENSION + COPD,1_1_1,1.0,,,,,,
,,,0.48868778280542985,663,COPD + ASTHMA + CARDIOVASCULAR,1_0_1,1.0,0.0,1.0,,,,
0.0,,,0.4880952380952381,168,DIABETES + COPD + RENAL_CHRONIC,0_1_1,1.0,,,1.0,,,
1.0,,,0.48783783783783785,2220,DIABETES + COPD + ASTHMA,1_1_0,1.0,0.0,,,,,
,,1.0,0.4876623376623377,1540,OBESITY + ASTHMA + RENAL_CHRONIC,1_0_1,,0.0,,1.0,,,
1.0,,0.0,0.4870825456836799,1587,DIABETES + OBESITY + COPD,1_0_1,1.0,,,,,,
,,,0.48338368580060426,662,COPD + CARDIOVASCULAR + OTHER_DISEASE,1_1_0,1.0,,1.0,,,,0.0
,,1.0,0.48323615160349853,1372,OBESITY + RENAL_CHRONIC + TOBACCO,1_1_0,,,,1.0,,0.0,
,1.0,0.0,0.482741617357002,2028,HIPERTENSION + OBESITY + COPD,1_0_1,1.0,,,,,,
,,,0.48254931714719274,659,COPD + CARDIOVASCULAR + INMSUPR,1_1_0,1.0,,1.0,,0.0,,
1.0,,,0.4811320754716981,1908,DIABETES + COPD + TOBACCO,1_1_0,1.0,,,,,0.0,
,,1.0,0.4800275482093664,1452,OBESITY + RENAL_CHRONIC + INMSUPR,1_1_0,,,,1.0,0.0,,
,,1.0,0.47947327652982186,1291,OBESITY + CARDIOVASCULAR + RENAL_CHRONIC,1_0_1,,,0.0,1.0,,,
1.0,,,0.47925033467202144,2241,DIABETES + COPD + INMSUPR,1_1_0,1.0,,,,0.0,,
1.0,,,0.4780701754385965,456,DIABETES + RENAL_CHRONIC + TOBACCO,1_1_1,,,,1.0,,1.0,
,0.0,,0.47783251231527096,203,HIPERTENSION + COPD + CARDIOVASCULAR,0_1_1,1.0,,1.0,,,,
,,1.0,0.4775510204081633,1470,OBESITY + RENAL_CHRONIC + OTHER_DISEASE,1_1_0,,,,1.0,,,0.0
,,,0.4773662551440329,243,COPD + ASTHMA + INMSUPR,1_0_1,1.0,0.0,,,1.0,,
,1.0,,0.47697974217311234,543,HIPERTENSION + RENAL_CHRONIC + TOBACCO,1_1_1,,,,1.0,,1.0,
,,1.0,0.4754539340954943,1487,OBESITY + COPD + RENAL_CHRONIC,1_0_1,0.0,,,1.0,,,
,1.0,,0.4745410460685833,2887,HIPERTENSION + COPD + ASTHMA,1_1_0,1.0,0.0,,,,,
,,,0.47435897435897434,624,COPD + CARDIOVASCULAR + RENAL_CHRONIC,1_1_0,1.0,,1.0,0.0,,,
1.0,,,0.4739652870493992,2247,DIABETES + COPD + OTHER_DISEASE,1_1_0,1.0,,,,,,0.0
1.0,,,0.47355533790401566,2042,DIABETES + COPD + CARDIOVASCULAR,1_1_0,1.0,,0.0,,,,
,0.0,,0.4701492537313433,134,HIPERTENSION + COPD + OTHER_DISEASE,0_1_1,1.0,,,,,,1.0
1.0,1.0,,0.46846846846846846,1443,DIABETES + HIPERTENSION + OTHER_DISEASE,1_1_1,,,,,,,1.0
,1.0,,0.46791171477079796,2945,HIPERTENSION + COPD + INMSUPR,1_1_0,1.0,,,,0.0,,
,,,0.4662379421221865,622,ASTHMA + RENAL_CHRONIC + INMSUPR,0_1_1,,0.0,,1.0,1.0,,
0.0,,,0.4659498207885305,279,DIABETES + RENAL_CHRONIC + OTHER_DISEASE,0_1_1,,,,1.0,,,1.0
,,,0.46543778801843316,651,RENAL_CHRONIC + TOBACCO + OTHER_DISEASE,1_1_0,,,,1.0,,1.0,0.0
1.0,,,0.46524064171123,374,DIABETES + RENAL_CHRONIC + INMSUPR,1_1_1,,,,1.0,1.0,,
,1.0,,0.46505050505050505,2475,HIPERTENSION + COPD + TOBACCO,1_1_0,1.0,,,,,0.0,
,,,0.4650145772594752,686,ASTHMA + RENAL_CHRONIC + TOBACCO,0_1_1,,0.0,,1.0,,1.0,
,1.0,,0.4646622413119875,2561,HIPERTENSION + COPD + CARDIOVASCULAR,1_1_0,1.0,,0.0,,,,
1.0,,,0.46333489023820645,2141,DIABETES + COPD + RENAL_CHRONIC,1_1_0,1.0,,,0.0,,,
,1.0,,0.4621264767199444,2878,HIPERTENSION + COPD + OTHER_DISEASE,1_1_0,1.0,,,,,,0.0
,,,0.462015503875969,645,RENAL_CHRONIC + INMSUPR + TOBACCO,1_0_1,,,,1.0,0.0,1.0,
1.0,,0.0,0.4619960343688037,1513,DIABETES + OBESITY + OTHER_DISEASE,1_0_1,,,,,,,1.0
0.0,,,0.4609164420485175,371,DIABETES + COPD + CARDIOVASCULAR,0_1_1,1.0,,1.0,,,,
,1.0,,0.4527417027417027,2772,HIPERTENSION + COPD + RENAL_CHRONIC,1_1_0,1.0,,,0.0,,,
,,,0.4525790349417637,601,COPD + RENAL_CHRONIC + INMSUPR,0_1_1,0.0,,,1.0,1.0,,
1.0,,,0.4524033930254477,2122,DIABETES + ASTHMA + OTHER_DISEASE,1_0_1,,0.0,,,,,1.0
,1.0,,0.45149253731343286,268,HIPERTENSION + COPD + OTHER_DISEASE,1_1_1,1.0,,,,,,1.0
,,,0.450402144772118,373,ASTHMA + CARDIOVASCULAR + INMSUPR,0_1_1,,0.0,1.0,,1.0,,
,,,0.450334900954824,7017,ASTHMA + RENAL_CHRONIC + INMSUPR,0_1_0,,0.0,,1.0,0.0,,
,,,0.4503092190421401,6953,ASTHMA + RENAL_CHRONIC + TOBACCO,0_1_0,,0.0,,1.0,,0.0,
1.0,,,0.4500251130085384,1991,DIABETES + INMSUPR + OTHER_DISEASE,1_0_1,,,,,0.0,,1.0
,,0.0,0.4497907949790795,478,OBESITY + RENAL_CHRONIC + TOBACCO,0_1_1,,,,1.0,,1.0,
,,,0.4496527777777778,576,CARDIOVASCULAR + RENAL_CHRONIC + TOBACCO,0_1_1,,,0.0,1.0,,1.0,
,,,0.4495726495726496,585,RENAL_CHRONIC + INMSUPR + TOBACCO,1_1_0,,,,1.0,1.0,0.0,
,,0.0,0.44866920152091255,789,OBESITY + COPD + TOBACCO,0_1_1,1.0,,,,,1.0,
1.0,,,0.44844124700239807,417,DIABETES + COPD + CARDIOVASCULAR,1_1_1,1.0,,1.0,,,,
,,,0.4479804161566707,6536,RENAL_CHRONIC + INMSUPR + TOBACCO,1_0_0,,,,1.0,0.0,0.0,
,,,0.4477124183006536,612,COPD + RENAL_CHRONIC + TOBACCO,0_1_1,0.0,,,1.0,,1.0,
1.0,,,0.4471421345472939,1977,DIABETES + TOBACCO + OTHER_DISEASE,1_0_1,,,,,,0.0,1.0
,1.0,,0.44709388971684055,671,HIPERTENSION + COPD + TOBACCO,1_1_1,1.0,,,,,1.0,
,,,0.4467697907188353,1099,COPD + ASTHMA + TOBACCO,1_0_1,1.0,0.0,,,,1.0,
,1.0,,0.4461538461538462,585,HIPERTENSION + COPD + CARDIOVASCULAR,1_1_1,1.0,,1.0,,,,
,,,0.44601270289343686,7085,ASTHMA + RENAL_CHRONIC + OTHER_DISEASE,0_1_0,,0.0,,1.0,,,0.0
,,,0.4454871653325973,7246,COPD + ASTHMA + RENAL_CHRONIC,0_0_1,0.0,0.0,,1.0,,,
,,,0.4444444444444444,540,RENAL_CHRONIC + INMSUPR + OTHER_DISEASE,1_1_0,,,,1.0,1.0,,0.0
,,,0.44441172139596524,6791,ASTHMA + CARDIOVASCULAR + RENAL_CHRONIC,0_0_1,,0.0,0.0,1.0,,,
,,,0.4435855507655716,6727,RENAL_CHRONIC + INMSUPR + OTHER_DISEASE,1_0_0,,,,1.0,0.0,,0.0
1.0,,,0.44357366771159873,1914,DIABETES + CARDIOVASCULAR + OTHER_DISEASE,1_0_1,,,0.0,,,,1.0
,,,0.4431977559607293,6417,CARDIOVASCULAR + RENAL_CHRONIC + INMSUPR,0_1_0,,,0.0,1.0,0.0,,
,,,0.4429727740986019,6795,COPD + RENAL_CHRONIC + TOBACCO,0_1_0,0.0,,,1.0,,0.0,
,,0.0,0.44274809160305345,262,OBESITY + CARDIOVASCULAR + INMSUPR,0_1_1,,,1.0,,1.0,,
,,1.0,0.44266666666666665,375,OBESITY + CARDIOVASCULAR + RENAL_CHRONIC,1_1_1,,,1.0,1.0,,,
,,,0.44255069056714663,6806,COPD + RENAL_CHRONIC + INMSUPR,0_1_0,0.0,,,1.0,0.0,,
,,0.0,0.44253156255123793,6099,OBESITY + ASTHMA + RENAL_CHRONIC,0_0_1,,0.0,,1.0,,,
,,,0.4425278344048926,6377,CARDIOVASCULAR + RENAL_CHRONIC + TOBACCO,0_1_0,,,0.0,1.0,,0.0,
,1.0,0.0,0.442512077294686,2070,HIPERTENSION + OBESITY + OTHER_DISEASE,1_0_1,,,,,,,1.0
,,,0.44216417910447764,536,CARDIOVASCULAR + RENAL_CHRONIC + INMSUPR,0_1_1,,,0.0,1.0,1.0,,
,,,0.44150544135429265,6616,RENAL_CHRONIC + TOBACCO + OTHER_DISEASE,1_0_0,,,,1.0,,0.0,0.0
,,0.0,0.441438296386804,5729,OBESITY + RENAL_CHRONIC + INMSUPR,0_1_0,,,,1.0,0.0,,
1.0,,,0.44096031357177856,2041,DIABETES + COPD + OTHER_DISEASE,1_0_1,0.0,,,,,,1.0
,,0.0,0.43972864846060183,5749,OBESITY + RENAL_CHRONIC + TOBACCO,0_1_0,,,,1.0,,0.0,
1.0,,,0.438498957609451,1439,DIABETES + ASTHMA + INMSUPR,1_0_1,,0.0,,,1.0,,
1.0,1.0,,0.43847874720357943,894,DIABETES + HIPERTENSION + INMSUPR,1_1_1,,,,,1.0,,
,,,0.4378268448576409,6884,COPD + RENAL_CHRONIC + OTHER_DISEASE,0_1_0,0.0,,,1.0,,,0.0
,,,0.43718896094103454,6631,COPD + CARDIOVASCULAR + RENAL_CHRONIC,0_0_1,0.0,,0.0,1.0,,,
1.0,,1.0,0.4369266055045872,872,DIABETES + OBESITY + COPD,1_1_1,1.0,,,,,,
,,,0.4367975365665897,6495,CARDIOVASCULAR + RENAL_CHRONIC + OTHER_DISEASE,0_1_0,,,0.0,1.0,,,0.0
,,1.0,0.43575418994413406,179,OBESITY + COPD + RENAL_CHRONIC,1_1_1,1.0,,,1.0,,,
,,0.0,0.43530405405405403,5920,OBESITY + COPD + RENAL_CHRONIC,0_0_1,0.0,,,1.0,,,
,,0.0,0.43505261342073487,5797,OBESITY + RENAL_CHRONIC + OTHER_DISEASE,0_1_0,,,,1.0,,,0.0
,,0.0,0.43482868244436595,5662,OBESITY + CARDIOVASCULAR + RENAL_CHRONIC,0_0_1,,,0.0,1.0,,,
0.0,1.0,,0.4322033898305085,1534,DIABETES + HIPERTENSION + COPD,0_1_1,1.0,,,,,,
1.0,0.0,,0.43211334120425027,847,DIABETES + HIPERTENSION + COPD,1_0_1,1.0,,,,,,
,,,0.4316742081447964,1105,COPD + INMSUPR + TOBACCO,1_0_1,1.0,,,,0.0,1.0,
,,,0.43147208121827413,985,COPD + CARDIOVASCULAR + TOBACCO,1_0_1,1.0,,0.0,,,1.0,
,1.0,,0.43121149897330596,487,HIPERTENSION + RENAL_CHRONIC + INMSUPR,1_1_1,,,,1.0,1.0,,
,1.0,,0.43095806341629733,2933,HIPERTENSION + ASTHMA + OTHER_DISEASE,1_0_1,,0.0,,,,,1.0
,,,0.43064369900271987,1103,COPD + TOBACCO + OTHER_DISEASE,1_1_0,1.0,,,,,1.0,0.0
,,0.0,0.43033902499381343,4041,OBESITY + COPD + ASTHMA,0_1_0,1.0,0.0,,,,,
,,0.0,0.42971887550200805,498,OBESITY + RENAL_CHRONIC + INMSUPR,0_1_1,,,,1.0,1.0,,
1.0,1.0,,0.4292701279157261,2658,DIABETES + HIPERTENSION + CARDIOVASCULAR,1_1_1,,,1.0,,,,
,0.0,,0.42857142857142855,112,HIPERTENSION + COPD + RENAL_CHRONIC,0_1_1,1.0,,,1.0,,,
1.0,,,0.4283121597096189,551,DIABETES + COPD + TOBACCO,1_1_1,1.0,,,,,1.0,
1.0,,,0.42759706190975866,1906,DIABETES + RENAL_CHRONIC + OTHER_DISEASE,1_0_1,,,,0.0,,,1.0
1.0,,,0.4270516717325228,1316,DIABETES + INMSUPR + OTHER_DISEASE,1_1_0,,,,,1.0,,0.0
,,,0.4251968503937008,254,COPD + INMSUPR + OTHER_DISEASE,1_1_0,1.0,,,,1.0,,0.0
1.0,,,0.42505430847212167,1381,DIABETES + INMSUPR + TOBACCO,1_1_0,,,,,1.0,0.0,
,1.0,,0.4239011986923356,2753,HIPERTENSION + TOBACCO + OTHER_DISEASE,1_0_1,,,,,,0.0,1.0
1.0,,,0.4235294117647059,255,DIABETES + CARDIOVASCULAR + INMSUPR,1_1_1,,,1.0,,1.0,,
,,1.0,0.42346938775510207,196,OBESITY + RENAL_CHRONIC + OTHER_DISEASE,1_1_1,,,,1.0,,,1.0
,,,0.42336448598130844,1070,COPD + RENAL_CHRONIC + TOBACCO,1_0_1,1.0,,,0.0,,1.0,
1.0,,,0.4227941176470588,1360,DIABETES + COPD + INMSUPR,1_0_1,0.0,,,,1.0,,
1.0,,0.0,0.42274881516587676,1055,DIABETES + OBESITY + INMSUPR,1_0_1,,,,,1.0,,
,,0.0,0.4222385500857213,4083,OBESITY + COPD + INMSUPR,0_1_0,1.0,,,,0.0,,
,,,0.4222222222222222,315,CARDIOVASCULAR + INMSUPR + OTHER_DISEASE,1_1_0,,,1.0,,1.0,,0.0
,1.0,1.0,0.4221824686940966,1118,HIPERTENSION + OBESITY + COPD,1_1_1,1.0,,,,,,
,,,0.42125837676842887,5372,COPD + ASTHMA + INMSUPR,1_0_0,1.0,0.0,,,0.0,,
,,,0.4207492795389049,347,CARDIOVASCULAR + INMSUPR + TOBACCO,1_1_0,,,1.0,,1.0,0.0,
,1.0,,0.4205238607822031,2787,HIPERTENSION + INMSUPR + OTHER_DISEASE,1_0_1,,,,,0.0,,1.0
1.0,,,0.42038018074166406,3209,DIABETES + ASTHMA + CARDIOVASCULAR,1_0_1,,0.0,1.0,,,,
,1.0,,0.4202600958247775,1461,HIPERTENSION + ASTHMA + INMSUPR,1_0_1,,0.0,,,1.0,,
,0.0,,0.4198895027624309,181,HIPERTENSION + RENAL_CHRONIC + OTHER_DISEASE,0_1_1,,,,1.0,,,1.0
0.0,1.0,,0.4198736358414704,1741,DIABETES + HIPERTENSION + RENAL_CHRONIC,0_1_1,,,,1.0,,,
1.0,,,0.419811320754717,212,DIABETES + COPD + OTHER_DISEASE,1_1_1,1.0,,,,,,1.0
,,,0.41935483870967744,248,COPD + RENAL_CHRONIC + INMSUPR,1_0_1,1.0,,,0.0,1.0,,
,1.0,,0.41897081413210446,2604,HIPERTENSION + CARDIOVASCULAR + OTHER_DISEASE,1_0_1,,,0.0,,,,1.0
,,,0.41806908768821965,4516,COPD + ASTHMA + TOBACCO,1_0_0,1.0,0.0,,,,0.0,
1.0,,0.0,0.41761363636363635,2112,DIABETES + OBESITY + CARDIOVASCULAR,1_0_1,,,1.0,,,,
,,,0.41729607250755285,5296,COPD + ASTHMA + OTHER_DISEASE,1_0_0,1.0,0.0,,,,,0.0
,1.0,,0.4172876304023845,671,HIPERTENSION + CARDIOVASCULAR + TOBACCO,1_1_1,,,1.0,,,1.0,
,1.0,,0.416,500,HIPERTENSION + CARDIOVASCULAR + OTHER_DISEASE,1_1_1,,,1.0,,,,1.0
,1.0,,0.4153737658674189,2836,HIPERTENSION + COPD + OTHER_DISEASE,1_0_1,0.0,,,,,,1.0
,,0.0,0.4151082677165354,4064,OBESITY + COPD + OTHER_DISEASE,0_1_0,1.0,,,,,,0.0
,,,0.41498384491114704,4952,COPD + ASTHMA + CARDIOVASCULAR,1_0_0,1.0,0.0,0.0,,,,
,,1.0,0.41496598639455784,294,OBESITY + RENAL_CHRONIC + TOBACCO,1_1_1,,,,1.0,,1.0,
1.0,,,0.41431670281995664,461,DIABETES + CARDIOVASCULAR + TOBACCO,1_1_1,,,1.0,,,1.0,
,,0.0,0.41424501424501425,3510,OBESITY + COPD + TOBACCO,0_1_0,1.0,,,,,0.0,
1.0,,,0.41345427059712775,1323,DIABETES + CARDIOVASCULAR + INMSUPR,1_0_1,,,0.0,,1.0,,
,,,0.4130601302183072,5222,COPD + ASTHMA + RENAL_CHRONIC,1_0_0,1.0,0.0,,0.0,,,
1.0,,,0.41297935103244837,339,DIABETES + CARDIOVASCULAR + OTHER_DISEASE,1_1_1,,,1.0,,,,1.0
1.0,,,0.4128738621586476,3076,DIABETES + CARDIOVASCULAR + OTHER_DISEASE,1_1_0,,,1.0,,,,0.0
1.0,,,0.4126607989167231,2954,DIABETES + CARDIOVASCULAR + TOBACCO,1_1_0,,,1.0,,,0.0,
0.0,,,0.41237113402061853,679,DIABETES + COPD + TOBACCO,0_1_1,1.0,,,,,1.0,
1.0,,,0.4120253164556962,3160,DIABETES + CARDIOVASCULAR + INMSUPR,1_1_0,,,1.0,,0.0,,
,,,0.41194029850746267,335,COPD + CARDIOVASCULAR + INMSUPR,0_1_1,0.0,,1.0,,1.0,,
,,0.0,0.4119332985930172,3838,OBESITY + COPD + CARDIOVASCULAR,0_1_0,1.0,,0.0,,,,
,,,0.41135674035543995,4614,COPD + INMSUPR + TOBACCO,1_0_0,1.0,,,,0.0,0.0,
,,0.0,0.41132264529058116,3992,OBESITY + COPD + RENAL_CHRONIC,0_1_0,1.0,,,0.0,,,
,,1.0,0.411214953271028,214,OBESITY + RENAL_CHRONIC + INMSUPR,1_1_1,,,,1.0,1.0,,
,,,0.4093484419263456,706,ASTHMA + CARDIOVASCULAR + OTHER_DISEASE,0_1_1,,0.0,1.0,,,,1.0
,,,0.40888970859461454,5422,COPD + INMSUPR + OTHER_DISEASE,1_0_0,1.0,,,,0.0,,0.0
,0.0,,0.4088888888888889,225,HIPERTENSION + RENAL_CHRONIC + INMSUPR,0_1_1,,,,1.0,1.0,,
,,,0.40869565217391307,230,COPD + CARDIOVASCULAR + INMSUPR,1_0_1,1.0,,0.0,,1.0,,
1.0,,,0.4079386257505003,2998,DIABETES + COPD + CARDIOVASCULAR,1_0_1,0.0,,1.0,,,,
,,1.0,0.40660736975857686,1574,OBESITY + COPD + ASTHMA,1_1_0,1.0,0.0,,,,,
,,,0.40652173913043477,5060,COPD + CARDIOVASCULAR + INMSUPR,1_0_0,1.0,,0.0,,0.0,,
,1.0,,0.40620592383638926,1418,HIPERTENSION + INMSUPR + TOBACCO,1_1_0,,,,,1.0,0.0,
,,,0.405982905982906,234,COPD + INMSUPR + TOBACCO,1_1_0,1.0,,,,1.0,0.0,
1.0,,1.0,0.40521872601688413,1303,DIABETES + OBESITY + CARDIOVASCULAR,1_1_1,,,1.0,,,,
,,,0.40454843647496175,4573,COPD + TOBACCO + OTHER_DISEASE,1_0_0,1.0,,,,,0.0,0.0
,,,0.4043787425149701,5344,COPD + RENAL_CHRONIC + INMSUPR,1_0_0,1.0,,,0.0,0.0,,
,,1.0,0.40284005979073245,1338,OBESITY + COPD + TOBACCO,1_1_0,1.0,,,,,0.0,
,1.0,,0.4027830011282437,2659,HIPERTENSION + RENAL_CHRONIC + OTHER_DISEASE,1_0_1,,,,0.0,,,1.0
,,,0.4024390243902439,164,ASTHMA + RENAL_CHRONIC + INMSUPR,1_1_0,,1.0,,1.0,0.0,,
1.0,1.0,,0.4020771513353116,2696,DIABETES + HIPERTENSION + TOBACCO,1_1_1,,,,,,1.0,
,1.0,,0.40156830375567476,4846,HIPERTENSION + ASTHMA + CARDIOVASCULAR,1_0_1,,0.0,1.0,,,,
0.0,,,0.4012158054711246,329,DIABETES + CARDIOVASCULAR + RENAL_CHRONIC,0_1_1,,,1.0,1.0,,,
,,,0.40092915214866437,4305,COPD + CARDIOVASCULAR + TOBACCO,1_0_0,1.0,,0.0,,,0.0,
,,,0.4007076514816453,4522,COPD + RENAL_CHRONIC + TOBACCO,1_0_0,1.0,,,0.0,,0.0,
,1.0,,0.4006514657980456,307,HIPERTENSION + CARDIOVASCULAR + INMSUPR,1_1_1,,,1.0,,1.0,,
,1.0,,0.40063091482649843,317,HIPERTENSION + INMSUPR + OTHER_DISEASE,1_1_1,,,,,1.0,,1.0
,,1.0,0.40061162079510704,327,OBESITY + COPD + CARDIOVASCULAR,1_1_1,1.0,,1.0,,,,
,,,0.3998803350618269,5014,COPD + CARDIOVASCULAR + OTHER_DISEASE,1_0_0,1.0,,0.0,,,,0.0
1.0,,1.0,0.39961759082217974,523,DIABETES + OBESITY + INMSUPR,1_1_1,,,,,1.0,,
,,,0.399584356697525,5293,COPD + RENAL_CHRONIC + OTHER_DISEASE,1_0_0,1.0,,,0.0,,,0.0
1.0,,,0.3995016611295681,1204,DIABETES + RENAL_CHRONIC + INMSUPR,1_0_1,,,,0.0,1.0,,
,,,0.3979591836734694,196,CARDIOVASCULAR + RENAL_CHRONIC + TOBACCO,1_1_1,,,1.0,1.0,,1.0,
,,1.0,0.39792176039119803,1636,OBESITY + COPD + INMSUPR,1_1_0,1.0,,,,0.0,,
,1.0,,0.3976073187895848,1421,HIPERTENSION + COPD + INMSUPR,1_0_1,0.0,,,,1.0,,
,1.0,0.0,0.3968105065666041,1066,HIPERTENSION + OBESITY + INMSUPR,1_0_1,,,,,1.0,,
,1.0,0.0,0.3964218455743879,3186,HIPERTENSION + OBESITY + CARDIOVASCULAR,1_0_1,,,1.0,,,,
,,,0.3963365539452496,4968,COPD + CARDIOVASCULAR + RENAL_CHRONIC,1_0_0,1.0,,0.0,0.0,,,
,,,0.39593114241001565,639,CARDIOVASCULAR + INMSUPR + OTHER_DISEASE,1_0_1,,,1.0,,0.0,,1.0
,,,0.39589905362776023,634,CARDIOVASCULAR + TOBACCO + OTHER_DISEASE,1_0_1,,,1.0,,,0.0,1.0
,,1.0,0.3957816377171216,1612,OBESITY + COPD + OTHER_DISEASE,1_1_0,1.0,,,,,,0.0
,1.0,,0.39468217698379726,4814,HIPERTENSION + CARDIOVASCULAR + INMSUPR,1_1_0,,,1.0,,0.0,,
,,,0.39375,160,COPD + RENAL_CHRONIC + TOBACCO,1_1_1,1.0,,,1.0,,1.0,
,1.0,,0.392772127245185,4621,HIPERTENSION + CARDIOVASCULAR + OTHER_DISEASE,1_1_0,,,1.0,,,,0.0
,1.0,1.0,0.39276485788113696,1935,HIPERTENSION + OBESITY + CARDIOVASCULAR,1_1_1,,,1.0,,,,
,,,0.39274924471299094,662,COPD + CARDIOVASCULAR + OTHER_DISEASE,0_1_1,0.0,,1.0,,,,1.0
,,1.0,0.3925619834710744,1452,OBESITY + COPD + CARDIOVASCULAR,1_1_0,1.0,,0.0,,,,
,,,0.3923611111111111,288,CARDIOVASCULAR + RENAL_CHRONIC + INMSUPR,1_0_1,,,1.0,0.0,1.0,,
1.0,,1.0,0.3918918918918919,740,DIABETES + OBESITY + OTHER_DISEASE,1_1_1,,,,,,,1.0
,1.0,,0.39168539325842694,4450,HIPERTENSION + CARDIOVASCULAR + TOBACCO,1_1_0,,,1.0,,,0.0,
,1.0,,0.3916349809885932,1315,HIPERTENSION + CARDIOVASCULAR + INMSUPR,1_0_1,,,0.0,,1.0,,
,1.0,,0.39157088122605366,1305,HIPERTENSION + INMSUPR + OTHER_DISEASE,1_1_0,,,,,1.0,,0.0
1.0,,,0.3905135520684736,2804,DIABETES + CARDIOVASCULAR + RENAL_CHRONIC,1_1_0,,,1.0,0.0,,,
,,0.0,0.39014373716632444,487,OBESITY + CARDIOVASCULAR + OTHER_DISEASE,0_1_1,,,1.0,,,,1.0
,,1.0,0.389375,1600,OBESITY + COPD + RENAL_CHRONIC,1_1_0,1.0,,,0.0,,,
,,0.0,0.3888888888888889,216,OBESITY + COPD + INMSUPR,0_1_1,1.0,,,,1.0,,
,,,0.3888888888888889,162,ASTHMA + CARDIOVASCULAR + RENAL_CHRONIC,1_0_1,,1.0,0.0,1.0,,,
,1.0,,0.38844797178130513,4536,HIPERTENSION + COPD + CARDIOVASCULAR,1_0_1,0.0,,1.0,,,,
,1.0,1.0,0.38669064748201437,556,HIPERTENSION + OBESITY + INMSUPR,1_1_1,,,,,1.0,,
1.0,1.0,0.0,0.38643146688048463,22449,DIABETES + HIPERTENSION + OBESITY,1_1_0,,,,,,,
1.0,0.0,,0.38641975308641974,810,DIABETES + HIPERTENSION + OTHER_DISEASE,1_0_1,,,,,,,1.0
,0.0,,0.38640429338103754,559,HIPERTENSION + COPD + TOBACCO,0_1_1,1.0,,,,,1.0,
,0.0,,0.3860759493670886,158,HIPERTENSION + COPD + INMSUPR,0_1_1,1.0,,,,1.0,,
1.0,0.0,,0.3845029239766082,684,DIABETES + HIPERTENSION + INMSUPR,1_0_1,,,,,1.0,,
,,,0.38387096774193546,620,CARDIOVASCULAR + RENAL_CHRONIC + OTHER_DISEASE,1_0_1,,,1.0,0.0,,,1.0
0.0,,,0.3829787234042553,141,DIABETES + COPD + INMSUPR,0_1_1,1.0,,,,1.0,,
,,,0.3827956989247312,930,ASTHMA + CARDIOVASCULAR + TOBACCO,0_1_1,,0.0,1.0,,,1.0,
0.0,,,0.38173784977908687,3395,DIABETES + COPD + ASTHMA,0_1_0,1.0,0.0,,,,,
0.0,,0.0,0.38163716814159293,2712,DIABETES + OBESITY + COPD,0_0_1,1.0,,,,,,
1.0,,,0.3804347826086957,276,DIABETES + TOBACCO + OTHER_DISEASE,1_1_1,,,,,,1.0,1.0
1.0,1.0,,0.3803521721452476,31973,DIABETES + HIPERTENSION + ASTHMA,1_1_0,,0.0,,,,,
0.0,,,0.378698224852071,338,DIABETES + RENAL_CHRONIC + INMSUPR,0_1_1,,,,1.0,1.0,,
,,,0.3780487804878049,164,COPD + CARDIOVASCULAR + RENAL_CHRONIC,1_1_1,1.0,,1.0,1.0,,,
,,1.0,0.3772455089820359,167,OBESITY + COPD + OTHER_DISEASE,1_1_1,1.0,,,,,,1.0
,1.0,,0.37709251101321584,1135,HIPERTENSION + RENAL_CHRONIC + INMSUPR,1_0_1,,,,0.0,1.0,,
0.0,,,0.37658227848101267,316,DIABETES + RENAL_CHRONIC + TOBACCO,0_1_1,,,,1.0,,1.0,
,1.0,,0.37643020594965676,4370,HIPERTENSION + CARDIOVASCULAR + RENAL_CHRONIC,1_1_0,,,1.0,0.0,,,
,1.0,,0.37606837606837606,351,HIPERTENSION + TOBACCO + OTHER_DISEASE,1_1_1,,,,,,1.0,1.0
1.0,1.0,,0.3755375506388283,32090,DIABETES + HIPERTENSION + INMSUPR,1_1_0,,,,,0.0,,
0.0,1.0,,0.3750752558699579,1661,DIABETES + HIPERTENSION + OTHER_DISEASE,0_1_1,,,,,,,1.0
1.0,1.0,,0.3750330163761226,30288,DIABETES + HIPERTENSION + TOBACCO,1_1_0,,,,,,0.0,
0.0,,,0.37406555491661875,3478,DIABETES + COPD + INMSUPR,0_1_0,1.0,,,,0.0,,
1.0,1.0,,0.37306997241685425,31541,DIABETES + HIPERTENSION + OTHER_DISEASE,1_1_0,,,,,,,0.0
,,,0.3729189789123196,901,CARDIOVASCULAR + INMSUPR + TOBACCO,1_0_1,,,1.0,,0.0,1.0,
1.0,1.0,,0.37268350590252586,30326,DIABETES + HIPERTENSION + CARDIOVASCULAR,1_1_0,,,0.0,,,,
,,,0.3715277777777778,864,CARDIOVASCULAR + TOBACCO + OTHER_DISEASE,1_1_0,,,1.0,,,1.0,0.0
1.0,1.0,,0.3715096264184623,31372,DIABETES + HIPERTENSION + COPD,1_1_0,0.0,,,,,,
,,,0.37142857142857144,245,COPD + CARDIOVASCULAR + TOBACCO,1_1_1,1.0,,1.0,,,1.0,
,1.0,1.0,0.3704061895551257,1034,HIPERTENSION + OBESITY + OTHER_DISEASE,1_1_1,,,,,,,1.0
,0.0,,0.36986803519061584,2728,HIPERTENSION + COPD + ASTHMA,0_1_0,1.0,0.0,,,,,
,,,0.3693181818181818,176,CARDIOVASCULAR + RENAL_CHRONIC + INMSUPR,1_1_1,,,1.0,1.0,1.0,,
0.0,,,0.36887858591712547,3451,DIABETES + COPD + RENAL_CHRONIC,0_1_0,1.0,,,0.0,,,
0.0,,,0.3674540682414698,3429,DIABETES + COPD + OTHER_DISEASE,0_1_0,1.0,,,,,,0.0
,,1.0,0.3673469387755102,441,OBESITY + COPD + TOBACCO,1_1_1,1.0,,,,,1.0,
1.0,,,0.3669724770642202,218,DIABETES + COPD + INMSUPR,1_1_1,1.0,,,,1.0,,
,,0.0,0.36633663366336633,606,OBESITY + CARDIOVASCULAR + TOBACCO,0_1_1,,,1.0,,,1.0,
0.0,,,0.3656462585034014,2940,DIABETES + COPD + TOBACCO,0_1_0,1.0,,,,,0.0,
,0.0,,0.36507936507936506,189,HIPERTENSION + CARDIOVASCULAR + RENAL_CHRONIC,0_1_1,,,1.0,1.0,,,
,0.0,0.0,0.36503742844561865,2271,HIPERTENSION + OBESITY + COPD,0_0_1,1.0,,,,,,
0.0,,,0.3645320197044335,3248,DIABETES + COPD + CARDIOVASCULAR,0_1_0,1.0,,0.0,,,,
,,1.0,0.36389111289031223,2498,OBESITY + ASTHMA + CARDIOVASCULAR,1_0_1,,0.0,1.0,,,,
1.0,,0.0,0.3634045266177877,3137,DIABETES + OBESITY + TOBACCO,1_0_1,,,,,,1.0,
,1.0,,0.36318407960199006,201,HIPERTENSION + COPD + INMSUPR,1_1_1,1.0,,,,1.0,,
,,,0.36046511627906974,172,RENAL_CHRONIC + INMSUPR + OTHER_DISEASE,1_1_1,,,,1.0,1.0,,1.0
,0.0,,0.359408795962509,2774,HIPERTENSION + COPD + INMSUPR,0_1_0,1.0,,,,0.0,,
,,1.0,0.35918854415274465,2514,OBESITY + CARDIOVASCULAR + INMSUPR,1_1_0,,,1.0,,0.0,,
,,1.0,0.3588039867109635,301,OBESITY + CARDIOVASCULAR + OTHER_DISEASE,1_1_1,,,1.0,,,,1.0
,,,0.35834411384217335,773,COPD + CARDIOVASCULAR + TOBACCO,0_1_1,0.0,,1.0,,,1.0,
,0.0,,0.35815602836879434,2820,HIPERTENSION + COPD + RENAL_CHRONIC,0_1_0,1.0,,,0.0,,,
0.0,1.0,,0.35809987819732036,2463,DIABETES + HIPERTENSION + CARDIOVASCULAR,0_1_1,,,1.0,,,,
1.0,1.0,1.0,0.35766492643569053,10535,DIABETES + HIPERTENSION + OBESITY,1_1_1,,,,,,,
1.0,1.0,,0.357324819129785,29441,DIABETES + HIPERTENSION + RENAL_CHRONIC,1_1_0,,,,0.0,,,
,,,0.35714285714285715,168,CARDIOVASCULAR + RENAL_CHRONIC + OTHER_DISEASE,1_1_1,,,1.0,1.0,,,1.0
,,,0.35714285714285715,168,ASTHMA + RENAL_CHRONIC + TOBACCO,1_1_0,,1.0,,1.0,,0.0,
,0.0,,0.3556111508220157,2798,HIPERTENSION + COPD + OTHER_DISEASE,0_1_0,1.0,,,,,,0.0
,,1.0,0.35546875,2304,OBESITY + CARDIOVASCULAR + TOBACCO,1_1_0,,,1.0,,,0.0,
1.0,0.0,,0.35535006605019814,757,DIABETES + HIPERTENSION + CARDIOVASCULAR,1_0_1,,,1.0,,,,
1.0,,,0.3549618320610687,262,DIABETES + INMSUPR + OTHER_DISEASE,1_1_1,,,,,1.0,,1.0
,,1.0,0.35486542443064184,2415,OBESITY + CARDIOVASCULAR + OTHER_DISEASE,1_1_0,,,1.0,,,,0.0
,0.0,,0.3548251158870628,2373,HIPERTENSION + COPD + TOBACCO,0_1_0,1.0,,,,,0.0,
,,1.0,0.35436893203883496,412,OBESITY + CARDIOVASCULAR + TOBACCO,1_1_1,,,1.0,,,1.0,
1.0,,,0.3538302277432712,4830,DIABETES + ASTHMA + TOBACCO,1_0_1,,0.0,,,,1.0,
,,,0.35356200527704484,758,ASTHMA + INMSUPR + OTHER_DISEASE,0_1_1,,0.0,,,1.0,,1.0
0.0,,1.0,0.3528114663726571,907,DIABETES + OBESITY + COPD,0_1_1,1.0,,,,,,
,,,0.35279805352798055,822,CARDIOVASCULAR + RENAL_CHRONIC + TOBACCO,1_0_1,,,1.0,0.0,,1.0,
,1.0,0.0,0.35218365061590146,3572,HIPERTENSION + OBESITY + TOBACCO,1_0_1,,,,,,1.0,
,0.0,,0.35214364235983875,2729,HIPERTENSION + COPD + CARDIOVASCULAR,0_1_0,1.0,,0.0,,,,
0.0,,,0.3518930957683742,449,DIABETES + CARDIOVASCULAR + OTHER_DISEASE,0_1_1,,,1.0,,,,1.0
,,,0.3516483516483517,182,ASTHMA + RENAL_CHRONIC + OTHER_DISEASE,1_1_0,,1.0,,1.0,,,0.0
,0.0,,0.3503184713375796,157,HIPERTENSION + CARDIOVASCULAR + INMSUPR,0_1_1,,,1.0,,1.0,,
,,1.0,0.34965034965034963,143,OBESITY + COPD + INMSUPR,1_1_1,1.0,,,,1.0,,
,,1.0,0.34910004185851823,2389,OBESITY + COPD + CARDIOVASCULAR,1_0_1,0.0,,1.0,,,,
,,,0.3484848484848485,726,INMSUPR + TOBACCO + OTHER_DISEASE,1_0_1,,,,,1.0,0.0,1.0
,,,0.34782608695652173,161,COPD + ASTHMA + RENAL_CHRONIC,0_1_1,0.0,1.0,,1.0,,,
1.0,,,0.3476724854530341,4812,DIABETES + INMSUPR + TOBACCO,1_0_1,,,,,0.0,1.0,
0.0,,1.0,0.3474426807760141,567,DIABETES + OBESITY + RENAL_CHRONIC,0_1_1,,,,1.0,,,
,0.0,1.0,0.3464447806354009,661,HIPERTENSION + OBESITY + COPD,0_1_1,1.0,,,,,,
1.0,,,0.3456581449397845,4733,DIABETES + TOBACCO + OTHER_DISEASE,1_1_0,,,,,,1.0,0.0
1.0,,,0.34517766497461927,197,DIABETES + INMSUPR + TOBACCO,1_1_1,,,,,1.0,1.0,
,,,0.3449197860962567,374,ASTHMA + INMSUPR + TOBACCO,0_1_1,,0.0,,,1.0,1.0,
,,0.0,0.34375,128,OBESITY + ASTHMA + RENAL_CHRONIC,0_1_1,,1.0,,1.0,,,
,,,0.3436241610738255,745,COPD + INMSUPR + OTHER_DISEASE,0_1_1,0.0,,,,1.0,,1.0
,,0.0,0.3435374149659864,588,OBESITY + INMSUPR + OTHER_DISEASE,0_1_1,,,,,1.0,,1.0
,,1.0,0.3413071337035455,2341,OBESITY + CARDIOVASCULAR + RENAL_CHRONIC,1_1_0,,,1.0,0.0,,,
1.0,,,0.34080914687774844,4548,DIABETES + CARDIOVASCULAR + TOBACCO,1_0_1,,,0.0,,,1.0,
,0.0,,0.3406113537117904,229,HIPERTENSION + RENAL_CHRONIC + TOBACCO,0_1_1,,,,1.0,,1.0,
1.0,,,0.34,150,DIABETES + ASTHMA + RENAL_CHRONIC,1_1_1,,1.0,,1.0,,,
0.0,,,0.33876600698486614,3436,DIABETES + ASTHMA + RENAL_CHRONIC,0_0_1,,0.0,,1.0,,,
,,,0.33808844507845937,701,CARDIOVASCULAR + INMSUPR + OTHER_DISEASE,0_1_1,,,0.0,,1.0,,1.0
0.0,1.0,,0.33791208791208793,728,DIABETES + HIPERTENSION + INMSUPR,0_1_1,,,,,1.0,,
1.0,,,0.3375953342305967,4458,DIABETES + COPD + TOBACCO,1_0_1,0.0,,,,,1.0,
,0.0,,0.33690051525961157,2523,HIPERTENSION + ASTHMA + RENAL_CHRONIC,0_0_1,,0.0,,1.0,,,
,0.0,0.0,0.3362465501379945,2174,HIPERTENSION + OBESITY + RENAL_CHRONIC,0_0_1,,,,1.0,,,
0.0,,,0.3349282296650718,209,DIABETES + CARDIOVASCULAR + INMSUPR,0_1_1,,,1.0,,1.0,,
,1.0,,0.33480176211453744,5675,HIPERTENSION + ASTHMA + TOBACCO,1_0_1,,0.0,,,,1.0,
1.0,,,0.3345047221612124,4553,DIABETES + RENAL_CHRONIC + TOBACCO,1_0_1,,,,0.0,,1.0,
,0.0,,0.334453781512605,2380,HIPERTENSION + RENAL_CHRONIC + TOBACCO,0_1_0,,,,1.0,,0.0,
0.0,,0.0,0.3343424150689539,2973,DIABETES + OBESITY + RENAL_CHRONIC,0_0_1,,,,1.0,,,
,,,0.3340311396048672,7643,ASTHMA + CARDIOVASCULAR + INMSUPR,0_1_0,,0.0,1.0,,0.0,,
,,,0.33375670335873553,7086,ASTHMA + CARDIOVASCULAR + TOBACCO,0_1_0,,0.0,1.0,,,0.0,
,,,0.33269493844049247,7310,ASTHMA + CARDIOVASCULAR + OTHER_DISEASE,0_1_0,,0.0,1.0,,,,0.0
,0.0,,0.33264462809917356,2420,HIPERTENSION + CARDIOVASCULAR + RENAL_CHRONIC,0_0_1,,,0.0,1.0,,,
0.0,,,0.3325062034739454,3224,DIABETES + RENAL_CHRONIC + TOBACCO,0_1_0,,,,1.0,,0.0,
0.0,,,0.3319800124921924,3202,DIABETES + RENAL_CHRONIC + INMSUPR,0_1_0,,,,1.0,0.0,,
0.0,0.0,,0.33189448441247005,2085,DIABETES + HIPERTENSION + COPD,0_0_1,1.0,,,,,,
,,1.0,0.3313550939663699,1011,OBESITY + ASTHMA + INMSUPR,1_0_1,,0.0,,,1.0,,
1.0,,0.0,0.3309797608095676,43480,DIABETES + OBESITY + ASTHMA,1_0_0,,0.0,,,,,
,0.0,,0.33079695634761713,2497,HIPERTENSION + COPD + RENAL_CHRONIC,0_0_1,0.0,,,1.0,,,
,1.0,,0.3304653204565408,5695,HIPERTENSION + INMSUPR + TOBACCO,1_0_1,,,,,0.0,1.0,
,,,0.3300970873786408,103,COPD + RENAL_CHRONIC + OTHER_DISEASE,1_1_1,1.0,,,1.0,,,1.0
0.0,,,0.32980379943942695,3211,DIABETES + CARDIOVASCULAR + RENAL_CHRONIC,0_0_1,,,0.0,1.0,,,
0.0,,,0.3288849347568209,3372,DIABETES + COPD + RENAL_CHRONIC,0_0_1,0.0,,,1.0,,,
,0.0,1.0,0.32873563218390806,435,HIPERTENSION + OBESITY + RENAL_CHRONIC,0_1_1,,,,1.0,,,
,0.0,,0.328665568369028,2428,HIPERTENSION + RENAL_CHRONIC + OTHER_DISEASE,0_1_0,,,,1.0,,,0.0
,,0.0,0.3283798477709315,5518,OBESITY + ASTHMA + CARDIOVASCULAR,0_0_1,,0.0,1.0,,,,
,0.0,,0.32802013422818793,2384,HIPERTENSION + RENAL_CHRONIC + INMSUPR,0_1_0,,,,1.0,0.0,,
,,,0.3267649560533031,7054,CARDIOVASCULAR + INMSUPR + TOBACCO,1_0_0,,,1.0,,0.0,0.0,
,1.0,,0.32660418168709443,5548,HIPERTENSION + TOBACCO + OTHER_DISEASE,1_1_0,,,,,,1.0,0.0
1.0,,0.0,0.32658799668111,43388,DIABETES + OBESITY + INMSUPR,1_0_0,,,,,0.0,,
,,,0.32653061224489793,343,INMSUPR + TOBACCO + OTHER_DISEASE,1_1_0,,,,,1.0,1.0,0.0
,,,0.32640787315472936,7316,CARDIOVASCULAR + INMSUPR + OTHER_DISEASE,1_0_0,,,1.0,,0.0,,0.0
1.0,,0.0,0.3262480027114705,41306,DIABETES + OBESITY + TOBACCO,1_0_0,,,,,,0.0,
,,,0.3259893920848633,7353,COPD + ASTHMA + CARDIOVASCULAR,0_0_1,0.0,0.0,1.0,,,,
1.0,,,0.32589796177650326,55097,DIABETES + ASTHMA + TOBACCO,1_0_0,,0.0,,,,0.0,
1.0,,,0.3254342771166735,58488,DIABETES + ASTHMA + INMSUPR,1_0_0,,0.0,,,0.0,,
0.0,,,0.3253603189205765,3261,DIABETES + RENAL_CHRONIC + OTHER_DISEASE,0_1_0,,,,1.0,,,0.0
,,,0.3251071375794296,6767,CARDIOVASCULAR + TOBACCO + OTHER_DISEASE,1_0_0,,,1.0,,,0.0,0.0
,,,0.32448377581120946,678,RENAL_CHRONIC + INMSUPR + OTHER_DISEASE,0_1_1,,,,0.0,1.0,,1.0
1.0,,0.0,0.32444307953981716,42331,DIABETES + OBESITY + CARDIOVASCULAR,1_0_0,,,0.0,,,,
1.0,,0.0,0.3241788958770091,42930,DIABETES + OBESITY + OTHER_DISEASE,1_0_0,,,,,,,0.0
1.0,,,0.3235879249199896,57805,DIABETES + ASTHMA + OTHER_DISEASE,1_0_0,,0.0,,,,,0.0
1.0,,0.0,0.32301194698525293,42856,DIABETES + OBESITY + COPD,1_0_0,0.0,,,,,,
1.0,,,0.3229309919249621,56718,DIABETES + ASTHMA + CARDIOVASCULAR,1_0_0,,0.0,0.0,,,,
,,,0.3228346456692913,127,COPD + TOBACCO + OTHER_DISEASE,1_1_1,1.0,,,,,1.0,1.0
,,,0.3227665706051873,347,COPD + ASTHMA + INMSUPR,1_1_0,1.0,1.0,,,0.0,,
1.0,,,0.3220059958064013,57707,DIABETES + COPD + ASTHMA,1_0_0,0.0,0.0,,,,,
0.0,,,0.32142857142857145,588,DIABETES + INMSUPR + OTHER_DISEASE,0_1_1,,,,,1.0,,1.0
,1.0,,0.32142857142857145,168,HIPERTENSION + ASTHMA + RENAL_CHRONIC,1_1_1,,1.0,,1.0,,,
1.0,,,0.3212049936674507,55270,DIABETES + INMSUPR + TOBACCO,1_0_0,,,,,0.0,0.0,
1.0,,1.0,0.32104700854700857,1872,DIABETES + OBESITY + TOBACCO,1_1_1,,,,,,1.0,
1.0,,1.0,0.3206663829269776,16447,DIABETES + OBESITY + ASTHMA,1_1_0,,0.0,,,,,
,,0.0,0.3201883460859329,5097,OBESITY + CARDIOVASCULAR + TOBACCO,0_1_0,,,1.0,,,0.0,
,,0.0,0.31942657599705937,5441,OBESITY + CARDIOVASCULAR + INMSUPR,0_1_0,,,1.0,,0.0,,
,,,0.3193359375,7168,ASTHMA + CARDIOVASCULAR + RENAL_CHRONIC,0_1_0,,0.0,1.0,0.0,,,
1.0,,,0.31927424369901597,54674,DIABETES + TOBACCO + OTHER_DISEASE,1_0_0,,,,,,0.0,0.0
,,0.0,0.31901840490797545,5216,OBESITY + CARDIOVASCULAR + OTHER_DISEASE,0_1_0,,,1.0,,,,0.0
1.0,,,0.3189822864126973,58091,DIABETES + INMSUPR + OTHER_DISEASE,1_0_0,,,,,0.0,,0.0
1.0,,,0.3188446281915191,53697,DIABETES + CARDIOVASCULAR + TOBACCO,1_0_0,,,0.0,,,0.0,
,,,0.3184601924759405,6858,COPD + CARDIOVASCULAR + TOBACCO,0_1_0,0.0,,1.0,,,0.0,
1.0,,,0.31840061839007766,56922,DIABETES + CARDIOVASCULAR + INMSUPR,1_0_0,,,0.0,,0.0,,
,,,0.3183936403508772,7296,COPD + CARDIOVASCULAR + INMSUPR,0_1_0,0.0,,1.0,,0.0,,
,1.0,,0.3182861514919663,5228,HIPERTENSION + CARDIOVASCULAR + TOBACCO,1_0_1,,,0.0,,,1.0,
1.0,,,0.3182507352538224,54743,DIABETES + COPD + TOBACCO,1_0_0,0.0,,,,,0.0,
,,1.0,0.31822863027806386,971,OBESITY + INMSUPR + TOBACCO,1_1_0,,,,,1.0,0.0,
0.0,,,0.3177737881508079,557,DIABETES + CARDIOVASCULAR + TOBACCO,0_1_1,,,1.0,,,1.0,
1.0,,,0.31728358776646326,57841,DIABETES + COPD + INMSUPR,1_0_0,0.0,,,,0.0,,
1.0,,1.0,0.3169762137504073,15345,DIABETES + OBESITY + TOBACCO,1_1_0,,,,,,0.0,
,,1.0,0.31655480984340045,894,OBESITY + INMSUPR + OTHER_DISEASE,1_1_0,,,,,1.0,,0.0
1.0,,,0.31637996840105803,56331,DIABETES + CARDIOVASCULAR + OTHER_DISEASE,1_0_0,,,0.0,,,,0.0
,,,0.31626506024096385,332,COPD + ASTHMA + TOBACCO,1_1_0,1.0,1.0,,,,0.0,
,,,0.3158272348974028,6969,COPD + CARDIOVASCULAR + OTHER_DISEASE,0_1_0,0.0,,1.0,,,,0.0
,,1.0,0.31551362683438156,954,OBESITY + CARDIOVASCULAR + INMSUPR,1_0_1,,,0.0,,1.0,,
1.0,,,0.3153778866340098,57160,DIABETES + COPD + OTHER_DISEASE,1_0_0,0.0,,,,,,0.0
1.0,,,0.3150009785954486,56203,DIABETES + COPD + CARDIOVASCULAR,1_0_0,0.0,,0.0,,,,
1.0,,1.0,0.31484365640349826,16694,DIABETES + OBESITY + INMSUPR,1_1_0,,,,,0.0,,
,1.0,,0.31460044809559373,5356,HIPERTENSION + RENAL_CHRONIC + TOBACCO,1_0_1,,,,0.0,,1.0,
,1.0,,0.31446059678653404,5228,HIPERTENSION + COPD + TOBACCO,1_0_1,0.0,,,,,1.0,
,,,0.3141426783479349,7191,CARDIOVASCULAR + RENAL_CHRONIC + INMSUPR,1_0_0,,,1.0,0.0,0.0,,
1.0,,1.0,0.3140741639861625,16477,DIABETES + OBESITY + OTHER_DISEASE,1_1_0,,,,,,,0.0
,,,0.31275349256421814,6657,CARDIOVASCULAR + RENAL_CHRONIC + TOBACCO,1_0_0,,,1.0,0.0,,0.0,
,1.0,,0.3127413127413127,259,HIPERTENSION + COPD + ASTHMA,1_1_1,1.0,1.0,,,,,
,0.0,,0.3125,288,HIPERTENSION + CARDIOVASCULAR + OTHER_DISEASE,0_1_1,,,1.0,,,,1.0
1.0,,0.0,0.3123892301342591,41189,DIABETES + OBESITY + RENAL_CHRONIC,1_0_0,,,,0.0,,,
,,,0.312,125,COPD + INMSUPR + TOBACCO,1_1_1,1.0,,,,1.0,1.0,
1.0,,,0.3118763907831455,55724,DIABETES + ASTHMA + RENAL_CHRONIC,1_0_0,,0.0,,0.0,,,
,,,0.31142857142857144,350,CARDIOVASCULAR + INMSUPR + TOBACCO,0_1_1,,,0.0,,1.0,1.0,
,,,0.3111240705642222,6859,CARDIOVASCULAR + RENAL_CHRONIC + OTHER_DISEASE,1_0_0,,,1.0,0.0,,,0.0
1.0,,1.0,0.3110431324564087,16345,DIABETES + OBESITY + COPD,1_1_0,0.0,,,,,,
,,0.0,0.3103777184280809,5242,OBESITY + COPD + CARDIOVASCULAR,0_0_1,0.0,,1.0,,,,
1.0,,1.0,0.31022998617569436,15914,DIABETES + OBESITY + CARDIOVASCULAR,1_1_0,,,0.0,,,,
,,,0.31007751937984496,129,COPD + CARDIOVASCULAR + INMSUPR,1_1_1,1.0,,1.0,,1.0,,
,1.0,0.0,0.30928474510564063,51590,HIPERTENSION + OBESITY + ASTHMA,1_0_0,,0.0,,,,,
0.0,,1.0,0.30927105449398445,1413,DIABETES + OBESITY + CARDIOVASCULAR,0_1_1,,,1.0,,,,
,,1.0,0.3089832181638697,1013,OBESITY + COPD + INMSUPR,1_0_1,0.0,,,,1.0,,
,,0.0,0.30851063829787234,282,OBESITY + INMSUPR + TOBACCO,0_1_1,,,,,1.0,1.0,
1.0,,,0.30770190542395237,56103,DIABETES + RENAL_CHRONIC + INMSUPR,1_0_0,,,,0.0,0.0,,
1.0,,,0.30748379269818404,52754,DIABETES + RENAL_CHRONIC + TOBACCO,1_0_0,,,,0.0,,0.0,
,,,0.30708661417322836,127,RENAL_CHRONIC + INMSUPR + TOBACCO,1_1_1,,,,1.0,1.0,1.0,
,,1.0,0.3069306930693069,202,OBESITY + CARDIOVASCULAR + INMSUPR,1_1_1,,,1.0,,1.0,,
,,0.0,0.30615025301673804,5138,OBESITY + CARDIOVASCULAR + RENAL_CHRONIC,0_1_0,,,1.0,0.0,,,
1.0,,,0.30557210158661396,55401,DIABETES + RENAL_CHRONIC + OTHER_DISEASE,1_0_0,,,,0.0,,,0.0
1.0,,,0.30546942370144764,54503,DIABETES + CARDIOVASCULAR + RENAL_CHRONIC,1_0_0,,,0.0,0.0,,,
,,1.0,0.3053435114503817,262,OBESITY + INMSUPR + OTHER_DISEASE,1_1_1,,,,,1.0,,1.0
,,,0.3051948051948052,154,CARDIOVASCULAR + TOBACCO + OTHER_DISEASE,1_1_1,,,1.0,,,1.0,1.0
,1.0,0.0,0.3051508192292105,51817,HIPERTENSION + OBESITY + INMSUPR,1_0_0,,,,,0.0,,
,1.0,,0.30392156862745096,204,HIPERTENSION + INMSUPR + TOBACCO,1_1_1,,,,,1.0,1.0,
,1.0,0.0,0.303725335117925,49311,HIPERTENSION + OBESITY + TOBACCO,1_0_0,,,,,,0.0,
1.0,,,0.30366530109125184,55166,DIABETES + COPD + RENAL_CHRONIC,1_0_0,0.0,,,0.0,,,
,,,0.3028446389496718,6855,COPD + CARDIOVASCULAR + RENAL_CHRONIC,0_1_0,0.0,,1.0,0.0,,,
,,,0.3026315789473684,380,COPD + ASTHMA + OTHER_DISEASE,1_1_0,1.0,1.0,,,,,0.0
1.0,,1.0,0.30258096538032014,16118,DIABETES + OBESITY + RENAL_CHRONIC,1_1_0,,,,0.0,,,
,,,0.30201342281879195,149,CARDIOVASCULAR + INMSUPR + OTHER_DISEASE,1_1_1,,,1.0,,1.0,,1.0
,,,0.30158730158730157,126,COPD + CARDIOVASCULAR + OTHER_DISEASE,1_1_1,1.0,,1.0,,,,1.0
,1.0,,0.30155241294460805,72339,HIPERTENSION + ASTHMA + INMSUPR,1_0_0,,0.0,,,0.0,,
,1.0,0.0,0.30147796823647494,50813,HIPERTENSION + OBESITY + OTHER_DISEASE,1_0_0,,,,,,,0.0
,1.0,,0.3013284403669725,68125,HIPERTENSION + ASTHMA + TOBACCO,1_0_0,,0.0,,,,0.0,
,1.0,0.0,0.30126566995995735,49697,HIPERTENSION + OBESITY + CARDIOVASCULAR,1_0_0,,,0.0,,,,
,0.0,,0.30038022813688214,263,HIPERTENSION + INMSUPR + TOBACCO,0_1_1,,,,,1.0,1.0,
,,,0.3,340,RENAL_CHRONIC + INMSUPR + TOBACCO,0_1_1,,,,0.0,1.0,1.0,
,1.0,0.0,0.29999016812506146,50855,HIPERTENSION + OBESITY + COPD,1_0_0,0.0,,,,,,
,1.0,,0.29864393864563193,70867,HIPERTENSION + ASTHMA + OTHER_DISEASE,1_0_0,,0.0,,,,,0.0
,,,0.2982456140350877,342,COPD + INMSUPR + TOBACCO,0_1_1,0.0,,,,1.0,1.0,
,,,0.29808165272995574,4066,ASTHMA + INMSUPR + TOBACCO,0_1_0,,0.0,,,1.0,0.0,
,,1.0,0.2975609756097561,205,OBESITY + COPD + ASTHMA,1_1_1,1.0,1.0,,,,,
1.0,,,0.29707112970711297,239,DIABETES + COPD + ASTHMA,1_1_1,1.0,1.0,,,,,
,1.0,,0.2970386054471097,68954,HIPERTENSION + ASTHMA + CARDIOVASCULAR,1_0_0,,0.0,0.0,,,,
,1.0,,0.29695542425225274,70913,HIPERTENSION + COPD + ASTHMA,1_0_0,0.0,0.0,,,,,
,1.0,,0.2966484258197495,68893,HIPERTENSION + INMSUPR + TOBACCO,1_0_0,,,,,0.0,0.0,
1.0,,,0.2961165048543689,206,DIABETES + ASTHMA + CARDIOVASCULAR,1_1_1,,1.0,1.0,,,,
,,0.0,0.29508196721311475,610,OBESITY + TOBACCO + OTHER_DISEASE,0_1_1,,,,,,1.0,1.0
,1.0,1.0,0.29480017189514396,2327,HIPERTENSION + OBESITY + TOBACCO,1_1_1,,,,,,1.0,
,1.0,,0.2945223604128076,71801,HIPERTENSION + INMSUPR + OTHER_DISEASE,1_0_0,,,,,0.0,,0.0
,1.0,,0.2937623967553806,67558,HIPERTENSION + TOBACCO + OTHER_DISEASE,1_0_0,,,,,,0.0,0.0
,,0.0,0.29337999416739574,3429,OBESITY + ASTHMA + INMSUPR,0_0_1,,0.0,,,1.0,,
,1.0,,0.2927943864614659,67836,HIPERTENSION + COPD + TOBACCO,1_0_0,0.0,,,,,0.0,
,1.0,,0.2926448247198097,69774,HIPERTENSION + CARDIOVASCULAR + INMSUPR,1_0_0,,,0.0,,0.0,,
,1.0,,0.29258590060885803,65861,HIPERTENSION + CARDIOVASCULAR + TOBACCO,1_0_0,,,0.0,,,0.0,
,1.0,,0.29229652582946,71643,HIPERTENSION + COPD + INMSUPR,1_0_0,0.0,,,,0.0,,
,,1.0,0.291932059447983,942,OBESITY + RENAL_CHRONIC + INMSUPR,1_0_1,,,,0.0,1.0,,
,,1.0,0.2918918918918919,185,OBESITY + INMSUPR + TOBACCO,1_1_1,,,,,1.0,1.0,
,,,0.2918918918918919,370,COPD + ASTHMA + RENAL_CHRONIC,1_1_0,1.0,1.0,,0.0,,,
,,,0.2918751489158923,4197,COPD + ASTHMA + INMSUPR,0_0_1,0.0,0.0,,,1.0,,
,,,0.29141770776751763,3682,ASTHMA + INMSUPR + OTHER_DISEASE,0_1_0,,0.0,,,1.0,,0.0
,1.0,1.0,0.2914002701485817,22210,HIPERTENSION + OBESITY + ASTHMA,1_1_0,,0.0,,,,,
,1.0,0.0,0.29127585500716774,48830,HIPERTENSION + OBESITY + RENAL_CHRONIC,1_0_0,,,,0.0,,,
,,,0.2909930715935335,866,ASTHMA + TOBACCO + OTHER_DISEASE,0_1_1,,0.0,,,,1.0,1.0
,0.0,,0.29080675422138835,533,HIPERTENSION + INMSUPR + OTHER_DISEASE,0_1_1,,,,,1.0,,1.0
,,1.0,0.2900552486187845,2172,OBESITY + ASTHMA + OTHER_DISEASE,1_0_1,,0.0,,,,,1.0
,1.0,,0.2897422793312404,68485,HIPERTENSION + CARDIOVASCULAR + OTHER_DISEASE,1_0_0,,,0.0,,,,0.0
,1.0,,0.28945719655977675,70228,HIPERTENSION + COPD + OTHER_DISEASE,1_0_0,0.0,,,,,,0.0
,1.0,,0.28868440976064297,68684,HIPERTENSION + ASTHMA + RENAL_CHRONIC,1_0_0,,0.0,,0.0,,,
,,,0.2884189820506516,4067,ASTHMA + CARDIOVASCULAR + INMSUPR,0_0_1,,0.0,0.0,,1.0,,
,1.0,,0.2881158066775625,68528,HIPERTENSION + COPD + CARDIOVASCULAR,1_0_0,0.0,,0.0,,,,
,1.0,1.0,0.2874285714285714,21000,HIPERTENSION + OBESITY + TOBACCO,1_1_0,,,,,,0.0,
,,1.0,0.28727634194831014,2012,OBESITY + TOBACCO + OTHER_DISEASE,1_0_1,,,,,,0.0,1.0
,,,0.2871680317696699,4029,COPD + INMSUPR + TOBACCO,0_1_0,0.0,,,,1.0,0.0,
,,0.0,0.28645200486026734,3292,OBESITY + INMSUPR + TOBACCO,0_1_0,,,,,1.0,0.0,
,1.0,1.0,0.2857582012208511,22771,HIPERTENSION + OBESITY + INMSUPR,1_1_0,,,,,0.0,,
0.0,,,0.285417100062409,4807,DIABETES + ASTHMA + CARDIOVASCULAR,0_0_1,,0.0,1.0,,,,
,1.0,,0.28477883967846856,69791,HIPERTENSION + RENAL_CHRONIC + INMSUPR,1_0_0,,,,0.0,0.0,,
,,,0.2846715328467153,822,INMSUPR + TOBACCO + OTHER_DISEASE,0_1_1,,,,,0.0,1.0,1.0
,1.0,1.0,0.2843493473287579,22293,HIPERTENSION + OBESITY + OTHER_DISEASE,1_1_0,,,,,,,0.0
1.0,0.0,,0.2840466926070039,2313,DIABETES + HIPERTENSION + TOBACCO,1_0_1,,,,,,1.0,
,,,0.28402366863905326,338,COPD + ASTHMA + CARDIOVASCULAR,1_1_0,1.0,1.0,0.0,,,,
,1.0,,0.28394082659752934,65570,HIPERTENSION + RENAL_CHRONIC + TOBACCO,1_0_0,,,,0.0,,0.0,
,,,0.2824427480916031,3537,INMSUPR + TOBACCO + OTHER_DISEASE,1_0_0,,,,,1.0,0.0,0.0
,,,0.28243105209397346,3916,CARDIOVASCULAR + INMSUPR + TOBACCO,0_1_0,,,0.0,,1.0,0.0,
,,,0.28205128205128205,312,ASTHMA + CARDIOVASCULAR + INMSUPR,1_1_0,,1.0,1.0,,0.0,,
,1.0,,0.28171737442688266,68267,HIPERTENSION + RENAL_CHRONIC + OTHER_DISEASE,1_0_0,,,,0.0,,,0.0
,,0.0,0.28171530673019657,3358,OBESITY + COPD + INMSUPR,0_0_1,0.0,,,,1.0,,
,1.0,1.0,0.2814174433788104,22209,HIPERTENSION + OBESITY + COPD,1_1_0,0.0,,,,,,
,,,0.2809917355371901,121,RENAL_CHRONIC + TOBACCO + OTHER_DISEASE,1_1_1,,,,1.0,,1.0,1.0
,1.0,,0.2803353566921089,66556,HIPERTENSION + CARDIOVASCULAR + RENAL_CHRONIC,1_0_0,,,0.0,0.0,,,
,1.0,,0.28,275,HIPERTENSION + ASTHMA + CARDIOVASCULAR,1_1_1,,1.0,1.0,,,,
,1.0,,0.27948469642280716,68154,HIPERTENSION + COPD + RENAL_CHRONIC,1_0_0,0.0,,,0.0,,,
0.0,,,0.27924921793534935,4795,DIABETES + CARDIOVASCULAR + INMSUPR,0_1_0,,,1.0,,0.0,,
,0.0,,0.27906976744186046,86,HIPERTENSION + ASTHMA + RENAL_CHRONIC,0_1_1,,1.0,,1.0,,,
1.0,1.0,,0.2789317507418398,1011,DIABETES + HIPERTENSION + ASTHMA,1_1_1,,1.0,,,,,
,1.0,1.0,0.2787023186237846,21392,HIPERTENSION + OBESITY + CARDIOVASCULAR,1_1_0,,,0.0,,,,
,,1.0,0.2785234899328859,2086,OBESITY + INMSUPR + OTHER_DISEASE,1_0_1,,,,,0.0,,1.0
,,,0.2777502477700694,4036,COPD + CARDIOVASCULAR + INMSUPR,0_0_1,0.0,,0.0,,1.0,,
,,,0.2775757575757576,825,RENAL_CHRONIC + TOBACCO + OTHER_DISEASE,0_1_1,,,,0.0,,1.0,1.0
,,0.0,0.2772940388479571,2986,OBESITY + INMSUPR + OTHER_DISEASE,0_1_0,,,,,1.0,,0.0
,,,0.2772585669781931,321,ASTHMA + CARDIOVASCULAR + OTHER_DISEASE,1_1_0,,1.0,1.0,,,,0.0
0.0,,,0.27704070159658195,4447,DIABETES + CARDIOVASCULAR + TOBACCO,0_1_0,,,1.0,,,0.0,
,,,0.27661334804191945,3626,COPD + INMSUPR + OTHER_DISEASE,0_1_0,0.0,,,,1.0,,0.0
,,0.0,0.27596618357487923,3312,OBESITY + CARDIOVASCULAR + INMSUPR,0_0_1,,,0.0,,1.0,,
,,,0.2752750130958617,3818,ASTHMA + RENAL_CHRONIC + INMSUPR,0_0_1,,0.0,,0.0,1.0,,
,1.0,1.0,0.27516292541636495,22096,HIPERTENSION + OBESITY + RENAL_CHRONIC,1_1_0,,,,0.0,,,
0.0,,,0.2746432491767289,4555,DIABETES + CARDIOVASCULAR + OTHER_DISEASE,0_1_0,,,1.0,,,,0.0
,,,0.2743338008415147,3565,CARDIOVASCULAR + INMSUPR + OTHER_DISEASE,0_1_0,,,0.0,,1.0,,0.0
,,1.0,0.2741861531407611,2181,OBESITY + COPD + OTHER_DISEASE,1_0_1,0.0,,,,,,1.0
,,,0.27350427350427353,117,CARDIOVASCULAR + INMSUPR + TOBACCO,1_1_1,,,1.0,,1.0,1.0,
0.0,,,0.2731550802139037,4675,DIABETES + CARDIOVASCULAR + RENAL_CHRONIC,0_1_0,,,1.0,0.0,,,
,,,0.273015873015873,315,ASTHMA + CARDIOVASCULAR + TOBACCO,1_1_0,,1.0,1.0,,,0.0,
,,,0.2727272727272727,792,CARDIOVASCULAR + TOBACCO + OTHER_DISEASE,0_1_1,,,0.0,,,1.0,1.0
,,,0.272,125,COPD + ASTHMA + CARDIOVASCULAR,1_1_1,1.0,1.0,1.0,,,,
,,,0.27106227106227104,819,COPD + TOBACCO + OTHER_DISEASE,0_1_1,0.0,,,,,1.0,1.0
0.0,,0.0,0.2706766917293233,3591,DIABETES + OBESITY + CARDIOVASCULAR,0_0_1,,,1.0,,,,
0.0,,,0.27037037037037037,270,DIABETES + INMSUPR + TOBACCO,0_1_1,,,,,1.0,1.0,
,,,0.2702702702702703,111,COPD + RENAL_CHRONIC + INMSUPR,1_1_1,1.0,,,1.0,1.0,,
,,1.0,0.2701514411333659,2047,OBESITY + CARDIOVASCULAR + OTHER_DISEASE,1_0_1,,,0.0,,,,1.0
1.0,0.0,0.0,0.27011912339729016,21994,DIABETES + HIPERTENSION + OBESITY,1_0_0,,,,,,,
,,1.0,0.2698412698412698,126,OBESITY + ASTHMA + RENAL_CHRONIC,1_1_1,,1.0,,1.0,,,
,,,0.2697406340057637,8675,ASTHMA + TOBACCO + OTHER_DISEASE,0_0_1,,0.0,,,,0.0,1.0
,,,0.2688961392060903,3678,RENAL_CHRONIC + INMSUPR + TOBACCO,0_1_0,,,,0.0,1.0,0.0,
,,1.0,0.26858736059479554,2152,OBESITY + RENAL_CHRONIC + OTHER_DISEASE,1_0_1,,,,0.0,,,1.0
0.0,1.0,,0.2684982828598189,3203,DIABETES + HIPERTENSION + TOBACCO,0_1_1,,,,,,1.0,
1.0,0.0,,0.26844101023109396,27954,DIABETES + HIPERTENSION + ASTHMA,1_0_0,,0.0,,,,,
,,0.0,0.26744186046511625,258,OBESITY + COPD + ASTHMA,0_1_1,1.0,1.0,,,,,
0.0,,,0.26721346859486295,4633,DIABETES + COPD + CARDIOVASCULAR,0_0_1,0.0,,1.0,,,,
,,,0.26688102893890675,311,ASTHMA + CARDIOVASCULAR + RENAL_CHRONIC,1_1_0,,1.0,1.0,0.0,,,
,,0.0,0.2662505088885873,7369,OBESITY + ASTHMA + OTHER_DISEASE,0_0_1,,0.0,,,,,1.0
,,0.0,0.26527958387516254,3076,OBESITY + RENAL_CHRONIC + INMSUPR,0_0_1,,,,0.0,1.0,,
1.0,0.0,,0.2648029435193263,26363,DIABETES + HIPERTENSION + TOBACCO,1_0_0,,,,,,0.0,
,,,0.26460207218490267,8783,ASTHMA + INMSUPR + OTHER_DISEASE,0_0_1,,0.0,,,0.0,,1.0
1.0,0.0,,0.2639421182707117,27919,DIABETES + HIPERTENSION + CARDIOVASCULAR,1_0_0,,,0.0,,,,
1.0,0.0,,0.2634681337525007,27992,DIABETES + HIPERTENSION + INMSUPR,1_0_0,,,,,0.0,,
0.0,,,0.26339285714285715,224,DIABETES + COPD + ASTHMA,0_1_1,1.0,1.0,,,,,
1.0,0.0,,0.2628651403143616,27866,DIABETES + HIPERTENSION + OTHER_DISEASE,1_0_0,,,,,,,0.0
,,,0.26274127087399696,9222,COPD + ASTHMA + OTHER_DISEASE,0_0_1,0.0,0.0,,,,,1.0
,0.0,1.0,0.26248399487836105,781,HIPERTENSION + OBESITY + CARDIOVASCULAR,0_1_1,,,1.0,,,,
,,,0.2621983914209115,3730,CARDIOVASCULAR + RENAL_CHRONIC + INMSUPR,0_0_1,,,0.0,0.0,1.0,,
,,,0.2618037135278515,3770,COPD + RENAL_CHRONIC + INMSUPR,0_0_1,0.0,,,0.0,1.0,,
1.0,0.0,,0.26131014409429015,27829,DIABETES + HIPERTENSION + COPD,1_0_0,0.0,,,,,,
,,,0.26077844311377246,3340,RENAL_CHRONIC + INMSUPR + OTHER_DISEASE,0_1_0,,,,0.0,1.0,,0.0
,,,0.2606677985285795,8835,ASTHMA + CARDIOVASCULAR + OTHER_DISEASE,0_0_1,,0.0,0.0,,,,1.0
0.0,,,0.25961538461538464,104,DIABETES + ASTHMA + RENAL_CHRONIC,0_1_1,,1.0,,1.0,,,
,,0.0,0.25936517014583926,6994,OBESITY + TOBACCO + OTHER_DISEASE,0_0_1,,,,,,0.0,1.0
1.0,0.0,,0.2592406516902318,27866,DIABETES + HIPERTENSION + RENAL_CHRONIC,1_0_0,,,,0.0,,,
,,,0.25833333333333336,8280,INMSUPR + TOBACCO + OTHER_DISEASE,0_0_1,,,,,0.0,0.0,1.0
,,,0.25758790516550223,8731,COPD + TOBACCO + OTHER_DISEASE,0_0_1,0.0,,,,,0.0,1.0
,,1.0,0.25688073394495414,218,OBESITY + ASTHMA + CARDIOVASCULAR,1_1_1,,1.0,1.0,,,,
,,,0.2561477689996662,8987,ASTHMA + RENAL_CHRONIC + OTHER_DISEASE,0_0_1,,0.0,,0.0,,,1.0
,,,0.25573339703774484,8372,CARDIOVASCULAR + TOBACCO + OTHER_DISEASE,0_0_1,,,0.0,,,0.0,1.0
0.0,0.0,,0.2556976097832129,1799,DIABETES + HIPERTENSION + RENAL_CHRONIC,0_0_1,,,,1.0,,,
,,0.0,0.2554161915621437,7016,OBESITY + INMSUPR + OTHER_DISEASE,0_0_1,,,,,0.0,,1.0
,,0.0,0.25417288641606733,7369,OBESITY + COPD + OTHER_DISEASE,0_0_1,0.0,,,,,,1.0
1.0,0.0,1.0,0.25396587847949714,6682,DIABETES + HIPERTENSION + OBESITY,1_0_1,,,,,,,
,0.0,,0.25360230547550433,347,HIPERTENSION + CARDIOVASCULAR + TOBACCO,0_1_1,,,1.0,,,1.0,
,,0.0,0.2534775888717156,7117,OBESITY + CARDIOVASCULAR + OTHER_DISEASE,0_0_1,,,0.0,,,,1.0
,,,0.2515616127200454,8805,COPD + INMSUPR + OTHER_DISEASE,0_0_1,0.0,,,,0.0,,1.0
,,,0.25050218598605695,8463,CARDIOVASCULAR + INMSUPR + OTHER_DISEASE,0_0_1,,,0.0,,0.0,,1.0
,,,0.24961769203623102,8501,RENAL_CHRONIC + TOBACCO + OTHER_DISEASE,0_0_1,,,,0.0,,0.0,1.0
,,,0.24876237623762376,8888,COPD + CARDIOVASCULAR + OTHER_DISEASE,0_0_1,0.0,,0.0,,,,1.0
0.0,1.0,0.0,0.24840638759282382,30434,DIABETES + HIPERTENSION + OBESITY,0_1_0,,,,,,,
1.0,,1.0,0.24805194805194805,770,DIABETES + OBESITY + ASTHMA,1_1_1,,1.0,,,,,
,,,0.24761904761904763,105,COPD + INMSUPR + OTHER_DISEASE,1_1_1,1.0,,,,1.0,,1.0
,,0.0,0.24714245887928632,7174,OBESITY + RENAL_CHRONIC + OTHER_DISEASE,0_0_1,,,,0.0,,,1.0
1.0,,,0.2471042471042471,1554,DIABETES + ASTHMA + TOBACCO,1_1_0,,1.0,,,,0.0,
,,1.0,0.24702380952380953,336,OBESITY + TOBACCO + OTHER_DISEASE,1_1_1,,,,,,1.0,1.0
,0.0,1.0,0.24666666666666667,600,HIPERTENSION + OBESITY + INMSUPR,0_1_1,,,,,1.0,,
,,,0.24641535615171137,8648,RENAL_CHRONIC + INMSUPR + OTHER_DISEASE,0_0_1,,,,0.0,0.0,,1.0
1.0,,,0.24592220828105396,1594,DIABETES + ASTHMA + INMSUPR,1_1_0,,1.0,,,0.0,,
0.0,1.0,,0.24546345661893035,41827,DIABETES + HIPERTENSION + ASTHMA,0_1_0,,0.0,,,,,
,0.0,,0.2444794952681388,3170,HIPERTENSION + ASTHMA + CARDIOVASCULAR,0_0_1,,0.0,1.0,,,,
,0.0,,0.24404162470627727,2979,HIPERTENSION + ASTHMA + INMSUPR,0_0_1,,0.0,,,1.0,,
,,,0.24382408330563865,9027,COPD + RENAL_CHRONIC + OTHER_DISEASE,0_0_1,0.0,,,0.0,,,1.0
0.0,,1.0,0.24328593996840442,633,DIABETES + OBESITY + INMSUPR,0_1_1,,,,,1.0,,
,,,0.242706179646221,8706,CARDIOVASCULAR + RENAL_CHRONIC + OTHER_DISEASE,0_0_1,,,0.0,0.0,,,1.0
,0.0,0.0,0.2420255183413078,2508,HIPERTENSION + OBESITY + INMSUPR,0_0_1,,,,,1.0,,
0.0,1.0,,0.24161136994682103,42498,DIABETES + HIPERTENSION + INMSUPR,0_1_0,,,,,0.0,,
1.0,,,0.24157303370786518,1602,DIABETES + ASTHMA + OTHER_DISEASE,1_1_0,,1.0,,,,,0.0
0.0,1.0,,0.24121130350048722,40023,DIABETES + HIPERTENSION + TOBACCO,0_1_0,,,,,,0.0,
,0.0,,0.24019607843137256,204,HIPERTENSION + COPD + ASTHMA,0_1_1,1.0,1.0,,,,,
,0.0,,0.2399186716367333,2951,HIPERTENSION + CARDIOVASCULAR + TOBACCO,0_1_0,,,1.0,,,0.0,
0.0,1.0,,0.23796463370624324,41565,DIABETES + HIPERTENSION + OTHER_DISEASE,0_1_0,,,,,,,0.0
,0.0,,0.237609841827768,2845,HIPERTENSION + INMSUPR + TOBACCO,0_1_0,,,,,1.0,0.0,
,0.0,,0.23720772619451033,2951,HIPERTENSION + CARDIOVASCULAR + INMSUPR,0_0_1,,,0.0,,1.0,,
0.0,,,0.23658780406531157,3001,DIABETES + ASTHMA + INMSUPR,0_0_1,,0.0,,,1.0,,
,,,0.23655913978494625,93,COPD + ASTHMA + RENAL_CHRONIC,1_1_1,1.0,1.0,,1.0,,,
0.0,1.0,,0.23629271643402106,40763,DIABETES + HIPERTENSION + CARDIOVASCULAR,0_1_0,,,0.0,,,,
0.0,1.0,,0.23628034155233618,41692,DIABETES + HIPERTENSION + COPD,0_1_0,0.0,,,,,,
,0.0,,0.23591212989493793,3141,HIPERTENSION + CARDIOVASCULAR + INMSUPR,0_1_0,,,1.0,,0.0,,
0.0,,,0.23582089552238805,670,DIABETES + TOBACCO + OTHER_DISEASE,0_1_1,,,,,,1.0,1.0
0.0,1.0,,0.23582017596721708,41485,DIABETES + HIPERTENSION + RENAL_CHRONIC,0_1_0,,,,0.0,,,
,0.0,,0.2352542372881356,2950,HIPERTENSION + COPD + INMSUPR,0_0_1,0.0,,,,1.0,,
,0.0,0.0,0.23480333730631706,2517,HIPERTENSION + OBESITY + CARDIOVASCULAR,0_0_1,,,1.0,,,,
,0.0,,0.2345514950166113,3010,HIPERTENSION + CARDIOVASCULAR + OTHER_DISEASE,0_1_0,,,1.0,,,,0.0
,,,0.23387096774193547,124,INMSUPR + TOBACCO + OTHER_DISEASE,1_1_1,,,,,1.0,1.0,1.0
,0.0,,0.23383724670311998,3109,HIPERTENSION + CARDIOVASCULAR + RENAL_CHRONIC,0_1_0,,,1.0,0.0,,,
1.0,,0.0,0.2336448598130841,963,DIABETES + OBESITY + ASTHMA,1_0_1,,1.0,,,,,
,0.0,,0.23300970873786409,2575,HIPERTENSION + INMSUPR + OTHER_DISEASE,0_1_0,,,,,1.0,,0.0
1.0,,,0.23248199083169613,1527,DIABETES + ASTHMA + CARDIOVASCULAR,1_1_0,,1.0,0.0,,,,
0.0,,0.0,0.2318380309646685,2519,DIABETES + OBESITY + INMSUPR,0_0_1,,,,,1.0,,
0.0,1.0,1.0,0.2309255784865541,12792,DIABETES + HIPERTENSION + OBESITY,0_1_1,,,,,,,
1.0,,,0.23092369477911648,1494,DIABETES + COPD + ASTHMA,1_0_1,0.0,1.0,,,,,
0.0,,,0.23074253990284524,2882,DIABETES + INMSUPR + TOBACCO,0_1_0,,,,,1.0,0.0,
0.0,,1.0,0.23072139303482586,1608,DIABETES + OBESITY + OTHER_DISEASE,0_1_1,,,,,,,1.0
1.0,,,0.23057485786481363,1583,DIABETES + ASTHMA + RENAL_CHRONIC,1_1_0,,1.0,,0.0,,,
,,,0.2302158273381295,278,COPD + ASTHMA + CARDIOVASCULAR,0_1_1,0.0,1.0,1.0,,,,
,0.0,,0.2299687825182102,2883,HIPERTENSION + RENAL_CHRONIC + INMSUPR,0_0_1,,,,0.0,1.0,,
0.0,,,0.22716705413483892,3011,DIABETES + COPD + INMSUPR,0_0_1,0.0,,,,1.0,,
,,0.0,0.22702702702702704,185,OBESITY + ASTHMA + CARDIOVASCULAR,0_1_1,,1.0,1.0,,,,
0.0,,,0.2269792728508325,2943,DIABETES + CARDIOVASCULAR + INMSUPR,0_0_1,,,0.0,,1.0,,
,0.0,,0.2258481421647819,3095,HIPERTENSION + COPD + CARDIOVASCULAR,0_0_1,0.0,,1.0,,,,
,1.0,,0.22454424188528235,2249,HIPERTENSION + ASTHMA + INMSUPR,1_1_0,,1.0,,,0.0,,
,1.0,1.0,0.22381378692927484,1117,HIPERTENSION + OBESITY + ASTHMA,1_1_1,,1.0,,,,,
,1.0,,0.22186642268984447,2186,HIPERTENSION + ASTHMA + TOBACCO,1_1_0,,1.0,,,,0.0,
1.0,,,0.22137404580152673,131,DIABETES + ASTHMA + OTHER_DISEASE,1_1_1,,1.0,,,,,1.0
,1.0,,0.2206342117016525,2239,HIPERTENSION + ASTHMA + OTHER_DISEASE,1_1_0,,1.0,,,,,0.0
,0.0,,0.22016806722689075,595,HIPERTENSION + TOBACCO + OTHER_DISEASE,0_1_1,,,,,,1.0,1.0
0.0,,,0.21997573797007683,7419,DIABETES + ASTHMA + OTHER_DISEASE,0_0_1,,0.0,,,,,1.0
,0.0,,0.21705426356589147,129,HIPERTENSION + ASTHMA + INMSUPR,0_1_1,,1.0,,,1.0,,
0.0,,,0.21677327647476902,2814,DIABETES + RENAL_CHRONIC + INMSUPR,0_0_1,,,,0.0,1.0,,
,1.0,0.0,0.21577726218097448,1293,HIPERTENSION + OBESITY + ASTHMA,1_0_1,,1.0,,,,,
0.0,,,0.2145397638355385,7029,DIABETES + TOBACCO + OTHER_DISEASE,0_0_1,,,,,,0.0,1.0
0.0,,,0.2141185647425897,2564,DIABETES + INMSUPR + OTHER_DISEASE,0_1_0,,,,,1.0,,0.0
0.0,,0.0,0.21260876703332787,6091,DIABETES + OBESITY + OTHER_DISEASE,0_0_1,,,,,,,1.0
,1.0,,0.211864406779661,2242,HIPERTENSION + ASTHMA + RENAL_CHRONIC,1_1_0,,1.0,,0.0,,,
,1.0,,0.2117096018735363,2135,HIPERTENSION + ASTHMA + CARDIOVASCULAR,1_1_0,,1.0,0.0,,,,
,0.0,1.0,0.2115677321156773,1314,HIPERTENSION + OBESITY + OTHER_DISEASE,0_1_1,,,,,,,1.0
,,,0.21105527638190955,199,ASTHMA + CARDIOVASCULAR + INMSUPR,1_0_1,,1.0,0.0,,1.0,,
,,,0.20930232558139536,86,ASTHMA + RENAL_CHRONIC + TOBACCO,1_1_1,,1.0,,1.0,,1.0,
0.0,,,0.20921560793714208,7509,DIABETES + COPD + OTHER_DISEASE,0_0_1,0.0,,,,,,1.0
,1.0,,0.2082752208275221,2151,HIPERTENSION + COPD + ASTHMA,1_0_1,0.0,1.0,,,,,
0.0,,,0.208,7250,DIABETES + CARDIOVASCULAR + OTHER_DISEASE,0_0_1,,,0.0,,,,1.0
0.0,,,0.20770637041203768,7111,DIABETES + INMSUPR + OTHER_DISEASE,0_0_1,,,,,0.0,,1.0
0.0,0.0,,0.2073986619441165,2541,DIABETES + HIPERTENSION + CARDIOVASCULAR,0_0_1,,,1.0,,,,
0.0,,,0.20700808625336928,7420,DIABETES + RENAL_CHRONIC + OTHER_DISEASE,0_0_1,,,,0.0,,,1.0
,1.0,,0.2046783625730994,171,HIPERTENSION + ASTHMA + OTHER_DISEASE,1_1_1,,1.0,,,,,1.0
,,,0.20304568527918782,197,ASTHMA + INMSUPR + TOBACCO,1_1_0,,1.0,,,1.0,0.0,
0.0,0.0,,0.20297029702970298,2424,DIABETES + HIPERTENSION + INMSUPR,0_0_1,,,,,1.0,,
,0.0,,0.2009685230024213,6608,HIPERTENSION + ASTHMA + OTHER_DISEASE,0_0_1,,0.0,,,,,1.0
,,,0.2,200,ASTHMA + RENAL_CHRONIC + INMSUPR,1_0_1,,1.0,,0.0,1.0,,
,1.0,,0.19642857142857142,224,HIPERTENSION + ASTHMA + TOBACCO,1_1_1,,1.0,,,,1.0,
,0.0,,0.19590596513673436,6253,HIPERTENSION + TOBACCO + OTHER_DISEASE,0_0_1,,,,,,0.0,1.0
,,,0.19540229885057472,174,COPD + ASTHMA + INMSUPR,0_1_1,0.0,1.0,,,1.0,,
,0.0,0.0,0.19479580773400795,5534,HIPERTENSION + OBESITY + OTHER_DISEASE,0_0_1,,,,,,,1.0
,,,0.19444444444444445,72,ASTHMA + RENAL_CHRONIC + OTHER_DISEASE,1_1_1,,1.0,,1.0,,,1.0
,,1.0,0.19310344827586207,145,OBESITY + ASTHMA + INMSUPR,1_1_1,,1.0,,,1.0,,
,0.0,,0.19298780487804879,6560,HIPERTENSION + CARDIOVASCULAR + OTHER_DISEASE,0_0_1,,,0.0,,,,1.0
,0.0,,0.19258266309204647,6714,HIPERTENSION + COPD + OTHER_DISEASE,0_0_1,0.0,,,,,,1.0
,0.0,,0.191990400479976,6667,HIPERTENSION + RENAL_CHRONIC + OTHER_DISEASE,0_0_1,,,,0.0,,,1.0
,,,0.1919191919191919,198,ASTHMA + INMSUPR + OTHER_DISEASE,1_1_0,,1.0,,,1.0,,0.0
,,,0.19083969465648856,131,COPD + ASTHMA + TOBACCO,1_1_1,1.0,1.0,,,,1.0,
,0.0,,0.19018210609659542,6315,HIPERTENSION + INMSUPR + OTHER_DISEASE,0_0_1,,,,,0.0,,1.0
0.0,,,0.18781725888324874,197,DIABETES + ASTHMA + CARDIOVASCULAR,0_1_1,,1.0,1.0,,,,
1.0,0.0,,0.18559556786703602,722,DIABETES + HIPERTENSION + ASTHMA,1_0_1,,1.0,,,,,
0.0,,,0.18543046357615894,151,DIABETES + ASTHMA + INMSUPR,0_1_1,,1.0,,,1.0,,
,,1.0,0.18366482594601638,61389,OBESITY + ASTHMA + TOBACCO,1_0_0,,0.0,,,,0.0,
,,,0.18072289156626506,83,COPD + ASTHMA + OTHER_DISEASE,1_1_1,1.0,1.0,,,,,1.0
,,1.0,0.18066105522479983,68194,OBESITY + ASTHMA + INMSUPR,1_0_0,,0.0,,,0.0,,
,,1.0,0.1799961975981495,63118,OBESITY + INMSUPR + TOBACCO,1_0_0,,,,,0.0,0.0,
,,1.0,0.1793892560380708,67033,OBESITY + ASTHMA + OTHER_DISEASE,1_0_0,,0.0,,,,,0.0
1.0,,,0.1787709497206704,179,DIABETES + ASTHMA + TOBACCO,1_1_1,,1.0,,,,1.0,
,,1.0,0.17868131514087343,62077,OBESITY + TOBACCO + OTHER_DISEASE,1_0_0,,,,,,0.0,0.0
,,1.0,0.17765521728201564,67631,OBESITY + COPD + ASTHMA,1_0_0,0.0,0.0,,,,,
,,1.0,0.17738362735255214,62751,OBESITY + COPD + TOBACCO,1_0_0,0.0,,,,,0.0,
,,1.0,0.176560900716479,7816,OBESITY + ASTHMA + TOBACCO,1_0_1,,0.0,,,,1.0,
0.0,1.0,,0.17655468191565404,1399,DIABETES + HIPERTENSION + ASTHMA,0_1_1,,1.0,,,,,
,,1.0,0.17613636363636365,176,OBESITY + ASTHMA + OTHER_DISEASE,1_1_1,,1.0,,,,,1.0
,,1.0,0.1760834695009519,66707,OBESITY + ASTHMA + CARDIOVASCULAR,1_0_0,,0.0,0.0,,,,
,,1.0,0.17607001072184067,69018,OBESITY + INMSUPR + OTHER_DISEASE,1_0_0,,,,,0.0,,0.0
,,1.0,0.17592551540678342,67665,OBESITY + ASTHMA + RENAL_CHRONIC,1_0_0,,0.0,,0.0,,,
,,1.0,0.17562515173585821,61785,OBESITY + CARDIOVASCULAR + TOBACCO,1_0_0,,,0.0,,,0.0,
,,1.0,0.17550265478259483,62717,OBESITY + RENAL_CHRONIC + TOBACCO,1_0_0,,,,0.0,,0.0,
,,1.0,0.17392180572349858,69468,OBESITY + COPD + INMSUPR,1_0_0,0.0,,,,0.0,,
,,1.0,0.17280192959283294,69652,OBESITY + RENAL_CHRONIC + INMSUPR,1_0_0,,,,0.0,0.0,,
0.0,0.0,,0.1727393176548526,6038,DIABETES + HIPERTENSION + OTHER_DISEASE,0_0_1,,,,,,,1.0
,,1.0,0.1727232796486091,68300,OBESITY + COPD + OTHER_DISEASE,1_0_0,0.0,,,,,,0.0
1.0,,,0.17266187050359713,139,DIABETES + ASTHMA + INMSUPR,1_1_1,,1.0,,,1.0,,
,,1.0,0.17247412159206882,68590,OBESITY + CARDIOVASCULAR + INMSUPR,1_0_0,,,0.0,,0.0,,
,,1.0,0.1718006511394941,7986,OBESITY + INMSUPR + TOBACCO,1_0_1,,,,,0.0,1.0,
,,1.0,0.17153354963924322,67497,OBESITY + CARDIOVASCULAR + OTHER_DISEASE,1_0_0,,,0.0,,,,0.0
,,1.0,0.17142982379240818,68442,OBESITY + RENAL_CHRONIC + OTHER_DISEASE,1_0_0,,,,0.0,,,0.0
,,1.0,0.17141033822590937,7835,OBESITY + TOBACCO + OTHER_DISEASE,1_1_0,,,,,,1.0,0.0
,,1.0,0.16978499676907713,68092,OBESITY + COPD + CARDIOVASCULAR,1_0_0,0.0,,0.0,,,,
,,1.0,0.16940603530741805,68994,OBESITY + COPD + RENAL_CHRONIC,1_0_0,0.0,,,0.0,,,
,,1.0,0.16866657875844285,68253,OBESITY + CARDIOVASCULAR + RENAL_CHRONIC,1_0_0,,,0.0,0.0,,,
,,1.0,0.16554525834708644,7877,OBESITY + RENAL_CHRONIC + TOBACCO,1_0_1,,,,0.0,,1.0,
,,0.0,0.16551724137931034,145,OBESITY + ASTHMA + INMSUPR,0_1_1,,1.0,,,1.0,,
,,1.0,0.16496971259182885,7759,OBESITY + CARDIOVASCULAR + TOBACCO,1_0_1,,,0.0,,,1.0,
,,,0.1641337386018237,329,ASTHMA + CARDIOVASCULAR + OTHER_DISEASE,1_0_1,,1.0,0.0,,,,1.0
,0.0,,0.1640625,128,HIPERTENSION + ASTHMA + CARDIOVASCULAR,0_1_1,,1.0,1.0,,,,
,,1.0,0.16351875808538163,7730,OBESITY + COPD + TOBACCO,1_0_1,0.0,,,,,1.0,
,,,0.16304347826086957,92,ASTHMA + CARDIOVASCULAR + RENAL_CHRONIC,1_1_1,,1.0,1.0,1.0,,,
,,,0.15709969788519637,331,ASTHMA + TOBACCO + OTHER_DISEASE,1_0_1,,1.0,,,,0.0,1.0
,,,0.15517241379310345,116,COPD + ASTHMA + INMSUPR,1_1_1,1.0,1.0,,,1.0,,
,,,0.1536050156739812,319,ASTHMA + INMSUPR + OTHER_DISEASE,1_0_1,,1.0,,,0.0,,1.0
,,,0.15217391304347827,92,ASTHMA + INMSUPR + OTHER_DISEASE,1_1_1,,1.0,,,1.0,,1.0
,,,0.15002741729117164,27355,ASTHMA + INMSUPR + TOBACCO,0_0_1,,0.0,,,0.0,1.0,
,1.0,,0.14906832298136646,161,HIPERTENSION + ASTHMA + INMSUPR,1_1_1,,1.0,,,1.0,,
,,,0.1481964039757287,26863,ASTHMA + TOBACCO + OTHER_DISEASE,0_1_0,,0.0,,,,1.0,0.0
,,,0.14634146341463414,328,COPD + ASTHMA + OTHER_DISEASE,0_1_1,0.0,1.0,,,,,1.0
,,1.0,0.14629629629629629,2700,OBESITY + ASTHMA + TOBACCO,1_1_0,,1.0,,,,0.0,
,,,0.14489616203126146,27254,INMSUPR + TOBACCO + OTHER_DISEASE,0_1_0,,,,,0.0,1.0,0.0
,,,0.14473246311429944,27043,ASTHMA + RENAL_CHRONIC + TOBACCO,0_0_1,,0.0,,0.0,,1.0,
,,,0.1446695772230307,26799,ASTHMA + CARDIOVASCULAR + TOBACCO,0_0_1,,0.0,0.0,,,1.0,
,,,0.14454277286135694,339,ASTHMA + RENAL_CHRONIC + OTHER_DISEASE,1_0_1,,1.0,,0.0,,,1.0
,,0.0,0.14327323858785718,19913,OBESITY + ASTHMA + TOBACCO,0_0_1,,0.0,,,,1.0,
,,1.0,0.14241055922195206,2879,OBESITY + ASTHMA + OTHER_DISEASE,1_1_0,,1.0,,,,,0.0
,,1.0,0.14192439862542955,2910,OBESITY + ASTHMA + INMSUPR,1_1_0,,1.0,,,0.0,,
,,,0.14162808501330612,27431,RENAL_CHRONIC + INMSUPR + TOBACCO,0_0_1,,,,0.0,0.0,1.0,
,,,0.1415639374425023,27175,CARDIOVASCULAR + INMSUPR + TOBACCO,0_0_1,,,0.0,,0.0,1.0,
,,,0.14051821254224559,26630,COPD + ASTHMA + TOBACCO,0_0_1,0.0,0.0,,,,1.0,
,,0.0,0.13992035838725733,20090,OBESITY + INMSUPR + TOBACCO,0_0_1,,,,,0.0,1.0,
0.0,,1.0,0.13990295310663786,52758,DIABETES + OBESITY + ASTHMA,0_1_0,,0.0,,,,,
,,,0.13990199379044627,26733,CARDIOVASCULAR + TOBACCO + OTHER_DISEASE,0_1_0,,,0.0,,,1.0,0.0
0.0,,1.0,0.13962744132611193,48744,DIABETES + OBESITY + TOBACCO,0_1_0,,,,,,0.0,
,,,0.1394641134120092,26946,RENAL_CHRONIC + TOBACCO + OTHER_DISEASE,0_1_0,,,,0.0,,1.0,0.0
,,1.0,0.1389552748378286,2929,OBESITY + ASTHMA + RENAL_CHRONIC,1_1_0,,1.0,,0.0,,,
,,0.0,0.1375366865701852,19762,OBESITY + TOBACCO + OTHER_DISEASE,0_1_0,,,,,,1.0,0.0
,,,0.1375,80,ASTHMA + TOBACCO + OTHER_DISEASE,1_1_1,,1.0,,,,1.0,1.0
0.0,,1.0,0.13741959198676715,54410,DIABETES + OBESITY + INMSUPR,0_1_0,,,,,0.0,,
,,,0.1374068443884172,26971,COPD + INMSUPR + TOBACCO,0_0_1,0.0,,,,0.0,1.0,
,,,0.1371850532487291,26949,CARDIOVASCULAR + RENAL_CHRONIC + TOBACCO,0_0_1,,,0.0,0.0,,1.0,
0.0,,1.0,0.1364637638593142,54476,DIABETES + OBESITY + RENAL_CHRONIC,0_1_0,,,,0.0,,,
,,,0.13636363636363635,88,ASTHMA + CARDIOVASCULAR + TOBACCO,1_1_1,,1.0,1.0,,,1.0,
,,0.0,0.13617021276595745,235,OBESITY + ASTHMA + OTHER_DISEASE,0_1_1,,1.0,,,,,1.0
0.0,,1.0,0.1358660054271545,53435,DIABETES + OBESITY + OTHER_DISEASE,0_1_0,,,,,,,0.0
,,1.0,0.13570673246387027,2837,OBESITY + ASTHMA + CARDIOVASCULAR,1_1_0,,1.0,0.0,,,,
,,0.0,0.13538399271476273,19766,OBESITY + CARDIOVASCULAR + TOBACCO,0_0_1,,,0.0,,,1.0,
,,,0.13535140031705292,26494,COPD + TOBACCO + OTHER_DISEASE,0_1_0,0.0,,,,,1.0,0.0
,,,0.1350920302018262,346734,ASTHMA + INMSUPR + TOBACCO,0_0_0,,0.0,,,0.0,0.0,
0.0,,1.0,0.13504876607063693,54136,DIABETES + OBESITY + COPD,0_1_0,0.0,,,,,,
,,0.0,0.13486478335176436,19894,OBESITY + RENAL_CHRONIC + TOBACCO,0_0_1,,,,0.0,,1.0,
0.0,,1.0,0.13414133880290882,53630,DIABETES + OBESITY + CARDIOVASCULAR,0_1_0,,,0.0,,,,
,,,0.13361490683229812,342125,ASTHMA + TOBACCO + OTHER_DISEASE,0_0_0,,0.0,,,,0.0,0.0
,,1.0,0.13333333333333333,2850,OBESITY + COPD + ASTHMA,1_0_1,0.0,1.0,,,,,
,,,0.13333333333333333,90,ASTHMA + RENAL_CHRONIC + INMSUPR,1_1_1,,1.0,,1.0,1.0,,
,,,0.13331542895426876,346284,COPD + ASTHMA + TOBACCO,0_0_0,0.0,0.0,,,,0.0,
,,,0.13309663679216877,365306,ASTHMA + INMSUPR + OTHER_DISEASE,0_0_0,,0.0,,,0.0,,0.0
,,,0.1330444611906556,26540,COPD + CARDIOVASCULAR + TOBACCO,0_0_1,0.0,,0.0,,,1.0,
,,,0.13292446627137677,343714,ASTHMA + CARDIOVASCULAR + TOBACCO,0_0_0,,0.0,0.0,,,0.0,
,,,0.13235459346091907,26701,COPD + RENAL_CHRONIC + TOBACCO,0_0_1,0.0,,,0.0,,1.0,
,,,0.132057656516922,366446,ASTHMA + CARDIOVASCULAR + INMSUPR,0_0_0,,0.0,0.0,,0.0,,
,,,0.132030798688425,368717,COPD + ASTHMA + INMSUPR,0_0_0,0.0,0.0,,,0.0,,
,0.0,1.0,0.13156718799872327,46995,HIPERTENSION + OBESITY + ASTHMA,0_1_0,,0.0,,,,,
,,,0.13124072732291342,347796,INMSUPR + TOBACCO + OTHER_DISEASE,0_0_0,,,,,0.0,0.0,0.0
0.0,,1.0,0.13097317034449912,6299,DIABETES + OBESITY + TOBACCO,0_1_1,,,,,,1.0,
,0.0,1.0,0.1307526282809998,43089,HIPERTENSION + OBESITY + TOBACCO,0_1_0,,,,,,0.0,
,,,0.13067424615265513,361678,ASTHMA + CARDIOVASCULAR + OTHER_DISEASE,0_0_0,,0.0,0.0,,,,0.0
,,,0.1306453160853519,343847,ASTHMA + RENAL_CHRONIC + TOBACCO,0_0_0,,0.0,,0.0,,0.0,
,,,0.130561024163303,363692,COPD + ASTHMA + OTHER_DISEASE,0_0_0,0.0,0.0,,,,,0.0
,,,0.13055749981505824,351462,COPD + INMSUPR + TOBACCO,0_0_0,0.0,,,,0.0,0.0,
,,,0.13030410690443583,349022,CARDIOVASCULAR + INMSUPR + TOBACCO,0_0_0,,,0.0,,0.0,0.0,
,,,0.13017882050387936,367072,ASTHMA + RENAL_CHRONIC + INMSUPR,0_0_0,,0.0,,0.0,0.0,,
,,,0.1299646297061229,365561,COPD + ASTHMA + CARDIOVASCULAR,0_0_0,0.0,0.0,0.0,,,,
,,0.0,0.12990859418883727,19583,OBESITY + COPD + TOBACCO,0_0_1,0.0,,,,,1.0,
,,1.0,0.1295774647887324,355,OBESITY + ASTHMA + TOBACCO,1_1_1,,1.0,,,,1.0,
,,,0.12917868266236013,346760,COPD + TOBACCO + OTHER_DISEASE,0_0_0,0.0,,,,,0.0,0.0
,,,0.12903225806451613,93,ASTHMA + INMSUPR + TOBACCO,1_1_1,,1.0,,,1.0,1.0,
,,,0.12898544836112674,344566,CARDIOVASCULAR + TOBACCO + OTHER_DISEASE,0_0_0,,,0.0,,,0.0,0.0
,0.0,1.0,0.12881468148056194,48333,HIPERTENSION + OBESITY + INMSUPR,0_1_0,,,,,0.0,,
,,,0.12867112407603412,348633,COPD + CARDIOVASCULAR + TOBACCO,0_0_0,0.0,,0.0,,,0.0,
,,,0.12858141546215424,361903,ASTHMA + RENAL_CHRONIC + OTHER_DISEASE,0_0_0,,0.0,,0.0,,,0.0
,0.0,1.0,0.12847952492886305,48498,HIPERTENSION + OBESITY + RENAL_CHRONIC,0_1_0,,,,0.0,,,
,,,0.12836996307113294,367734,CARDIOVASCULAR + INMSUPR + OTHER_DISEASE,0_0_0,,,0.0,,0.0,,0.0
,,,0.12832866052526176,349540,RENAL_CHRONIC + INMSUPR + TOBACCO,0_0_0,,,,0.0,0.0,0.0,
,,,0.12817481359637256,369628,COPD + INMSUPR + OTHER_DISEASE,0_0_0,0.0,,,,0.0,,0.0
,0.0,1.0,0.12811513540455224,48152,HIPERTENSION + OBESITY + CARDIOVASCULAR,0_1_0,,,0.0,,,,
,0.0,1.0,0.12801612801612802,47619,HIPERTENSION + OBESITY + OTHER_DISEASE,0_1_0,,,,,,,0.0
,,,0.12797411209660126,363722,ASTHMA + CARDIOVASCULAR + RENAL_CHRONIC,0_0_0,,0.0,0.0,0.0,,,
,,,0.12765404684030324,365668,COPD + ASTHMA + RENAL_CHRONIC,0_0_0,0.0,0.0,,0.0,,,
,,,0.1273626720052164,371137,COPD + CARDIOVASCULAR + INMSUPR,0_0_0,0.0,,0.0,,0.0,,
,0.0,1.0,0.12729946967185946,48272,HIPERTENSION + OBESITY + COPD,0_1_0,0.0,,,,,,
,,0.0,0.1270787910618463,289411,OBESITY + ASTHMA + TOBACCO,0_0_0,,0.0,,,,0.0,
,,,0.12683737674672269,344717,RENAL_CHRONIC + TOBACCO + OTHER_DISEASE,0_0_0,,,,0.0,,0.0,0.0
,0.0,1.0,0.1266255989048597,5844,HIPERTENSION + OBESITY + TOBACCO,0_1_1,,,,,,1.0,
,,,0.1265465365996693,368323,RENAL_CHRONIC + INMSUPR + OTHER_DISEASE,0_0_0,,,,0.0,0.0,,0.0
,,,0.12627905109321585,348696,COPD + RENAL_CHRONIC + TOBACCO,0_0_0,0.0,,,0.0,,0.0,
,,,0.12627791355634363,346561,CARDIOVASCULAR + RENAL_CHRONIC + TOBACCO,0_0_0,,,0.0,0.0,,0.0,
,,0.0,0.12626881773157456,305895,OBESITY + ASTHMA + INMSUPR,0_0_0,,0.0,,,0.0,,
,,,0.12607395880257177,366285,COPD + CARDIOVASCULAR + OTHER_DISEASE,0_0_0,0.0,,0.0,,,,0.0
,,,0.12570176861917898,369780,CARDIOVASCULAR + RENAL_CHRONIC + INMSUPR,0_0_0,,,0.0,0.0,0.0,,
,,,0.12534073143232327,371627,COPD + RENAL_CHRONIC + INMSUPR,0_0_0,0.0,,,0.0,0.0,,
,,0.0,0.12475037671176169,301955,OBESITY + ASTHMA + OTHER_DISEASE,0_0_0,,0.0,,,,,0.0
,,0.0,0.12448404573971547,303806,OBESITY + ASTHMA + CARDIOVASCULAR,0_0_0,,0.0,0.0,,,,
,,0.0,0.12432840202349825,292958,OBESITY + INMSUPR + TOBACCO,0_0_0,,,,,0.0,0.0,
,,,0.12430510630365896,364804,CARDIOVASCULAR + RENAL_CHRONIC + OTHER_DISEASE,0_0_0,,,0.0,0.0,,,0.0
,,0.0,0.12412089765889354,305283,OBESITY + COPD + ASTHMA,0_0_0,0.0,0.0,,,,,
,,,0.12382564074569424,366370,COPD + RENAL_CHRONIC + OTHER_DISEASE,0_0_0,0.0,,,0.0,,,0.0
,,,0.12343504946518985,368542,COPD + CARDIOVASCULAR + RENAL_CHRONIC,0_0_0,0.0,,0.0,0.0,,,
,,0.0,0.12290842713720718,289256,OBESITY + TOBACCO + OTHER_DISEASE,0_0_0,,,,,,0.0,0.0
,,0.0,0.12273272128399845,291153,OBESITY + CARDIOVASCULAR + TOBACCO,0_0_0,,,0.0,,,0.0,
,,0.0,0.12267541162806586,292740,OBESITY + COPD + TOBACCO,0_0_0,0.0,,,,,0.0,
,,0.0,0.12234668269984839,306032,OBESITY + INMSUPR + OTHER_DISEASE,0_0_0,,,,,0.0,,0.0
,,0.0,0.12189579560933268,307607,OBESITY + CARDIOVASCULAR + INMSUPR,0_0_0,,,0.0,,0.0,,
,,0.0,0.12179734520570533,303225,OBESITY + ASTHMA + RENAL_CHRONIC,0_0_0,,0.0,,0.0,,,
0.0,,,0.12142857142857143,280,DIABETES + ASTHMA + OTHER_DISEASE,0_1_1,,1.0,,,,,1.0
,,0.0,0.12140533717411357,308965,OBESITY + COPD + INMSUPR,0_0_0,0.0,,,,0.0,,
,,0.0,0.12049295264678969,303802,OBESITY + CARDIOVASCULAR + OTHER_DISEASE,0_0_0,,,0.0,,,,0.0
,,0.0,0.11996235497812785,304954,OBESITY + COPD + OTHER_DISEASE,0_0_0,0.0,,,,,,0.0
,,0.0,0.11993252594592306,307081,OBESITY + COPD + CARDIOVASCULAR,0_0_0,0.0,,0.0,,,,
,,0.0,0.11992385568380143,290501,OBESITY + RENAL_CHRONIC + TOBACCO,0_0_0,,,,0.0,,0.0,
,,0.0,0.11943615591616528,307319,OBESITY + RENAL_CHRONIC + INMSUPR,0_0_0,,,,0.0,0.0,,
,,0.0,0.1178942091741667,303221,OBESITY + RENAL_CHRONIC + OTHER_DISEASE,0_0_0,,,,0.0,,,0.0
,,0.0,0.11776306522045359,305257,OBESITY + CARDIOVASCULAR + RENAL_CHRONIC,0_0_0,,,0.0,0.0,,,
,,0.0,0.11709741745348447,306403,OBESITY + COPD + RENAL_CHRONIC,0_0_0,0.0,,,0.0,,,
,0.0,,0.11666666666666667,240,HIPERTENSION + ASTHMA + OTHER_DISEASE,0_1_1,,1.0,,,,,1.0
0.0,0.0,1.0,0.11069560483775531,42251,DIABETES + HIPERTENSION + OBESITY,0_0_1,,,,,,,
0.0,,,0.11022315384951308,22899,DIABETES + ASTHMA + TOBACCO,0_0_1,,0.0,,,,1.0,
,,,0.10989010989010989,91,ASTHMA + CARDIOVASCULAR + INMSUPR,1_1_1,,1.0,1.0,,1.0,,
,,,0.10975609756097561,82,ASTHMA + CARDIOVASCULAR + OTHER_DISEASE,1_1_1,,1.0,1.0,,,,1.0
,,,0.10957004160887657,721,ASTHMA + INMSUPR + TOBACCO,1_0_1,,1.0,,,0.0,1.0,
0.0,,1.0,0.10940919037199125,2285,DIABETES + OBESITY + ASTHMA,0_1_1,,1.0,,,,,
,,,0.10899182561307902,734,ASTHMA + TOBACCO + OTHER_DISEASE,1_1_0,,1.0,,,,1.0,0.0
,,,0.10881542699724518,726,ASTHMA + CARDIOVASCULAR + TOBACCO,1_0_1,,1.0,0.0,,,1.0,
0.0,,,0.1078920220082531,23264,DIABETES + INMSUPR + TOBACCO,0_0_1,,,,,0.0,1.0,
0.0,,,0.10612455853217331,23218,DIABETES + RENAL_CHRONIC + TOBACCO,0_0_1,,,,0.0,,1.0,
0.0,,,0.10606193142057382,22864,DIABETES + TOBACCO + OTHER_DISEASE,0_1_0,,,,,,1.0,0.0
,0.0,,0.10578579849460415,22054,HIPERTENSION + ASTHMA + TOBACCO,0_0_1,,0.0,,,,1.0,
0.0,,,0.10471340906123515,22977,DIABETES + CARDIOVASCULAR + TOBACCO,0_0_1,,,0.0,,,1.0,
,0.0,,0.10281041955229883,22381,HIPERTENSION + INMSUPR + TOBACCO,0_0_1,,,,,0.0,1.0,
,0.0,,0.10279409786069875,22297,HIPERTENSION + CARDIOVASCULAR + TOBACCO,0_0_1,,,0.0,,,1.0,
,0.0,,0.10269908543386125,22415,HIPERTENSION + RENAL_CHRONIC + TOBACCO,0_0_1,,,,0.0,,1.0,
0.0,,0.0,0.10200174064403829,17235,DIABETES + OBESITY + TOBACCO,0_0_1,,,,,,1.0,
,0.0,,0.10200009070706155,22049,HIPERTENSION + TOBACCO + OTHER_DISEASE,0_1_0,,,,,,1.0,0.0
0.0,,,0.1017811790884773,295703,DIABETES + ASTHMA + TOBACCO,0_0_0,,0.0,,,,0.0,
0.0,,,0.10111184692063713,315601,DIABETES + ASTHMA + INMSUPR,0_0_0,,0.0,,,0.0,,
,,,0.10110773240660295,9208,ASTHMA + TOBACCO + OTHER_DISEASE,1_0_0,,1.0,,,,0.0,0.0
,,,0.10094198244487262,9342,ASTHMA + INMSUPR + TOBACCO,1_0_0,,1.0,,,0.0,0.0,
0.0,,,0.1007656967840735,22855,DIABETES + COPD + TOBACCO,0_0_1,0.0,,,,,1.0,
,,,0.10027472527472528,728,ASTHMA + RENAL_CHRONIC + TOBACCO,1_0_1,,1.0,,0.0,,1.0,
,,,0.09985632183908046,9744,ASTHMA + INMSUPR + OTHER_DISEASE,1_0_0,,1.0,,,0.0,,0.0
0.0,,,0.09983510967201452,300806,DIABETES + INMSUPR + TOBACCO,0_0_0,,,,,0.0,0.0,
0.0,,,0.09981089330701916,315166,DIABETES + ASTHMA + RENAL_CHRONIC,0_0_0,,0.0,,0.0,,,
0.0,,,0.09958448886989328,311183,DIABETES + ASTHMA + OTHER_DISEASE,0_0_0,,0.0,,,,,0.0
0.0,,,0.09958412339266082,313795,DIABETES + ASTHMA + CARDIOVASCULAR,0_0_0,,0.0,0.0,,,,
0.0,,,0.09937913815365776,315207,DIABETES + COPD + ASTHMA,0_0_0,0.0,0.0,,,,,
0.0,,,0.09859417434368177,300464,DIABETES + RENAL_CHRONIC + TOBACCO,0_0_0,,,,0.0,,0.0,
,0.0,1.0,0.09855521155830753,1938,HIPERTENSION + OBESITY + ASTHMA,0_1_1,,1.0,,,,,
,,,0.09849535801942162,9371,ASTHMA + RENAL_CHRONIC + TOBACCO,1_0_0,,1.0,,0.0,,0.0,
0.0,,,0.0984910955351324,300748,DIABETES + COPD + TOBACCO,0_0_0,0.0,,,,,0.0,
0.0,,,0.09846244331492009,299241,DIABETES + CARDIOVASCULAR + TOBACCO,0_0_0,,,0.0,,,0.0,
0.0,,,0.09838905949254868,296659,DIABETES + TOBACCO + OTHER_DISEASE,0_0_0,,,,,,0.0,0.0
0.0,,,0.09810264657117569,320868,DIABETES + RENAL_CHRONIC + INMSUPR,0_0_0,,,,0.0,0.0,,
,,0.0,0.09803921568627451,459,OBESITY + ASTHMA + TOBACCO,0_1_1,,1.0,,,,1.0,
0.0,,,0.09800636675405967,316959,DIABETES + INMSUPR + OTHER_DISEASE,0_0_0,,,,,0.0,,0.0
,0.0,,0.09798505773149196,22085,HIPERTENSION + COPD + TOBACCO,0_0_1,0.0,,,,,1.0,
0.0,,,0.09772766423929215,319275,DIABETES + CARDIOVASCULAR + INMSUPR,0_0_0,,,0.0,,0.0,,
,0.0,0.0,0.09761904761904762,16800,HIPERTENSION + OBESITY + TOBACCO,0_0_1,,,,,,1.0,
0.0,,,0.09744472725457903,320592,DIABETES + COPD + INMSUPR,0_0_0,0.0,,,,0.0,,
,0.0,,0.09737330856991244,282675,HIPERTENSION + ASTHMA + TOBACCO,0_0_0,,0.0,,,,0.0,
,,,0.09724631396357329,9224,ASTHMA + CARDIOVASCULAR + TOBACCO,1_0_0,,1.0,0.0,,,0.0,
,,,0.09702868852459016,9760,ASTHMA + RENAL_CHRONIC + OTHER_DISEASE,1_0_0,,1.0,,0.0,,,0.0
,,,0.09663250366032211,683,COPD + ASTHMA + TOBACCO,0_1_1,0.0,1.0,,,,1.0,
0.0,,,0.09660344903908784,316262,DIABETES + RENAL_CHRONIC + OTHER_DISEASE,0_0_0,,,,0.0,,,0.0
0.0,,,0.09658408749651262,319007,DIABETES + CARDIOVASCULAR + RENAL_CHRONIC,0_0_0,,,0.0,0.0,,,
,,,0.09657541165774321,9899,ASTHMA + RENAL_CHRONIC + INMSUPR,1_0_0,,1.0,,0.0,0.0,,
,0.0,,0.09654018227009113,301750,HIPERTENSION + ASTHMA + INMSUPR,0_0_0,,0.0,,,0.0,,
,0.0,,0.09644215559807534,301559,HIPERTENSION + ASTHMA + CARDIOVASCULAR,0_0_0,,0.0,0.0,,,,
0.0,,,0.09639709430799319,314968,DIABETES + CARDIOVASCULAR + OTHER_DISEASE,0_0_0,,,0.0,,,,0.0
0.0,,,0.09622741083780147,320231,DIABETES + COPD + RENAL_CHRONIC,0_0_0,0.0,,,0.0,,,
0.0,,,0.0962034047089068,318970,DIABETES + COPD + CARDIOVASCULAR,0_0_0,0.0,,0.0,,,,
0.0,,,0.09602523300031003,316094,DIABETES + COPD + OTHER_DISEASE,0_0_0,0.0,,,,,,0.0
,0.0,,0.0959875052116768,302206,HIPERTENSION + ASTHMA + RENAL_CHRONIC,0_0_0,,0.0,,0.0,,,
,,,0.09583203409209022,9621,ASTHMA + CARDIOVASCULAR + OTHER_DISEASE,1_0_0,,1.0,0.0,,,,0.0
,,,0.09578504768741668,9751,ASTHMA + CARDIOVASCULAR + INMSUPR,1_0_0,,1.0,0.0,,0.0,,
,0.0,,0.09569939722461684,298121,HIPERTENSION + ASTHMA + OTHER_DISEASE,0_0_0,,0.0,,,,,0.0
,0.0,,0.09552617375439154,302001,HIPERTENSION + COPD + ASTHMA,0_0_0,0.0,0.0,,,,,
,,,0.09536222439448246,9207,COPD + ASTHMA + TOBACCO,0_1_0,0.0,1.0,,,,0.0,
,0.0,,0.09522499590853219,287183,HIPERTENSION + INMSUPR + TOBACCO,0_0_0,,,,,0.0,0.0,
,0.0,,0.09514868833100527,287077,HIPERTENSION + CARDIOVASCULAR + TOBACCO,0_0_0,,,0.0,,,0.0,
0.0,,0.0,0.09494289884293045,265844,DIABETES + OBESITY + ASTHMA,0_0_0,,0.0,,,,,
,0.0,,0.09465388252308377,287648,HIPERTENSION + RENAL_CHRONIC + TOBACCO,0_0_0,,,,0.0,,0.0,
,0.0,,0.09449166536302167,287655,HIPERTENSION + COPD + TOBACCO,0_0_0,0.0,,,,,0.0,
,0.0,,0.0944339705752797,283775,HIPERTENSION + TOBACCO + OTHER_DISEASE,0_0_0,,,,,,0.0,0.0
,0.0,,0.09433691335180454,306423,HIPERTENSION + CARDIOVASCULAR + INMSUPR,0_0_0,,,0.0,,0.0,,
,0.0,,0.09397096165114917,307180,HIPERTENSION + RENAL_CHRONIC + INMSUPR,0_0_0,,,,0.0,0.0,,
,0.0,,0.09383164904187598,306954,HIPERTENSION + CARDIOVASCULAR + RENAL_CHRONIC,0_0_0,,,0.0,0.0,,,
,0.0,,0.09380739919999737,303249,HIPERTENSION + INMSUPR + OTHER_DISEASE,0_0_0,,,,,0.0,,0.0
0.0,,0.0,0.09370685326973767,254944,DIABETES + OBESITY + TOBACCO,0_0_0,,,,,,0.0,
,,,0.09370424597364568,9562,COPD + ASTHMA + OTHER_DISEASE,0_1_0,0.0,1.0,,,,,0.0
,,,0.0936599423631124,9716,COPD + ASTHMA + INMSUPR,0_1_0,0.0,1.0,,,0.0,,
,0.0,,0.09359210604529514,302814,HIPERTENSION + CARDIOVASCULAR + OTHER_DISEASE,0_0_0,,,0.0,,,,0.0
,0.0,,0.09341746971253403,306645,HIPERTENSION + COPD + CARDIOVASCULAR,0_0_0,0.0,,0.0,,,,
,0.0,,0.09338961504612275,306790,HIPERTENSION + COPD + INMSUPR,0_0_0,0.0,,,,0.0,,
,,,0.09327748263179403,9788,ASTHMA + CARDIOVASCULAR + RENAL_CHRONIC,1_0_0,,1.0,0.0,0.0,,,
,0.0,,0.09310933565373307,303396,HIPERTENSION + RENAL_CHRONIC + OTHER_DISEASE,0_0_0,,,,0.0,,,0.0
0.0,,0.0,0.09294667358896389,269660,DIABETES + OBESITY + INMSUPR,0_0_0,,,,,0.0,,
0.0,,,0.09291338582677165,635,DIABETES + ASTHMA + TOBACCO,0_1_1,,1.0,,,,1.0,
,0.0,,0.09282229375445494,307243,HIPERTENSION + COPD + RENAL_CHRONIC,0_0_0,0.0,,,0.0,,,
,0.0,,0.09257291453538641,303026,HIPERTENSION + COPD + OTHER_DISEASE,0_0_0,0.0,,,,,,0.0
0.0,,0.0,0.09187305464130936,268588,DIABETES + OBESITY + CARDIOVASCULAR,0_0_0,,,0.0,,,,
,0.0,0.0,0.09185827248248193,257734,HIPERTENSION + OBESITY + ASTHMA,0_0_0,,0.0,,,,,
0.0,,0.0,0.09158042539913672,269206,DIABETES + OBESITY + RENAL_CHRONIC,0_0_0,,,,0.0,,,
,,,0.09155222638368705,9612,COPD + ASTHMA + CARDIOVASCULAR,0_1_0,0.0,1.0,0.0,,,,
0.0,,0.0,0.09152235350711042,266088,DIABETES + OBESITY + OTHER_DISEASE,0_0_0,,,,,,,0.0
0.0,,0.0,0.09133957033699859,269467,DIABETES + OBESITY + COPD,0_0_0,0.0,,,,,,
,,,0.09127351218008017,9729,COPD + ASTHMA + RENAL_CHRONIC,0_1_0,0.0,1.0,,0.0,,,
,0.0,0.0,0.0906661159233657,246939,HIPERTENSION + OBESITY + TOBACCO,0_0_0,,,,,,0.0,
,0.0,0.0,0.08972444893615392,261222,HIPERTENSION + OBESITY + CARDIOVASCULAR,0_0_0,,,0.0,,,,
,0.0,0.0,0.08966010925196474,261231,HIPERTENSION + OBESITY + INMSUPR,0_0_0,,,,,0.0,,
,0.0,0.0,0.08907155009271119,261565,HIPERTENSION + OBESITY + RENAL_CHRONIC,0_0_0,,,,0.0,,,
,0.0,0.0,0.0888867372823919,258205,HIPERTENSION + OBESITY + OTHER_DISEASE,0_0_0,,,,,,,0.0
,0.0,0.0,0.0887297872014931,261468,HIPERTENSION + OBESITY + COPD,0_0_0,0.0,,,,,,
,,0.0,0.08597748208802457,6839,OBESITY + ASTHMA + TOBACCO,0_1_0,,1.0,,,,0.0,
,,0.0,0.08513910247448624,7153,OBESITY + ASTHMA + INMSUPR,0_1_0,,1.0,,,0.0,,
,,0.0,0.08509132096842702,7063,OBESITY + ASTHMA + OTHER_DISEASE,0_1_0,,1.0,,,,,0.0
0.0,0.0,,0.0847474300329546,20331,DIABETES + HIPERTENSION + TOBACCO,0_0_1,,,,,,1.0,
,,0.0,0.08308730493462674,7113,OBESITY + ASTHMA + CARDIOVASCULAR,0_1_0,,1.0,0.0,,,,
,,0.0,0.08214783821478382,7170,OBESITY + ASTHMA + RENAL_CHRONIC,0_1_0,,1.0,,0.0,,,
0.0,0.0,,0.08076596513413423,276775,DIABETES + HIPERTENSION + ASTHMA,0_0_0,,0.0,,,,,
,,0.0,0.08011363636363636,7040,OBESITY + COPD + ASTHMA,0_0_1,0.0,1.0,,,,,
0.0,0.0,,0.07980581419604423,263665,DIABETES + HIPERTENSION + TOBACCO,0_0_0,,,,,,0.0,
,0.0,,0.07966101694915254,590,HIPERTENSION + ASTHMA + TOBACCO,0_1_1,,1.0,,,,1.0,
0.0,0.0,,0.07910232551532112,281572,DIABETES + HIPERTENSION + INMSUPR,0_0_0,,,,,0.0,,
0.0,0.0,,0.07904052842517816,282197,DIABETES + HIPERTENSION + RENAL_CHRONIC,0_0_0,,,,0.0,,,
0.0,0.0,,0.0790108543106358,281455,DIABETES + HIPERTENSION + CARDIOVASCULAR,0_0_0,,,0.0,,,,
0.0,0.0,,0.0782977606407696,281911,DIABETES + HIPERTENSION + COPD,0_0_0,0.0,,,,,,
0.0,0.0,,0.07814849725498096,277958,DIABETES + HIPERTENSION + OTHER_DISEASE,0_0_0,,,,,,,0.0
0.0,,,0.07501565435190984,7985,DIABETES + ASTHMA + TOBACCO,0_1_0,,1.0,,,,0.0,
0.0,0.0,0.0,0.07482264369480238,241745,DIABETES + HIPERTENSION + OBESITY,0_0_0,,,,,,,
0.0,,,0.07482014388489208,8340,DIABETES + ASTHMA + OTHER_DISEASE,0_1_0,,1.0,,,,,0.0
0.0,,,0.07438894792773645,8469,DIABETES + ASTHMA + INMSUPR,0_1_0,,1.0,,,0.0,,
0.0,,,0.07409581963363081,8516,DIABETES + ASTHMA + RENAL_CHRONIC,0_1_0,,1.0,,0.0,,,
0.0,,,0.07372670070046301,8423,DIABETES + ASTHMA + CARDIOVASCULAR,0_1_0,,1.0,0.0,,,,
0.0,,,0.07134349690328728,8396,DIABETES + COPD + ASTHMA,0_0_1,0.0,1.0,,,,,
,0.0,,0.06772745818033456,7353,HIPERTENSION + ASTHMA + TOBACCO,0_1_0,,1.0,,,,0.0,
,0.0,,0.0671167077761911,7703,HIPERTENSION + ASTHMA + OTHER_DISEASE,0_1_0,,1.0,,,,,0.0
,0.0,,0.06705054382597568,7815,HIPERTENSION + ASTHMA + CARDIOVASCULAR,0_1_0,,1.0,0.0,,,,
,0.0,,0.06631029655084637,7857,HIPERTENSION + ASTHMA + RENAL_CHRONIC,0_1_0,,1.0,,0.0,,,
,0.0,,0.06616329664704376,7814,HIPERTENSION + ASTHMA + INMSUPR,0_1_0,,1.0,,,0.0,,
0.0,,0.0,0.06440410418310971,6335,DIABETES + OBESITY + ASTHMA,0_0_1,,1.0,,,,,
,0.0,,0.06409096782530042,7739,HIPERTENSION + COPD + ASTHMA,0_0_1,0.0,1.0,,,,,
,0.0,0.0,0.05895087427144047,6005,HIPERTENSION + OBESITY + ASTHMA,0_0_1,,1.0,,,,,
0.0,0.0,,0.056917324470294975,7221,DIABETES + HIPERTENSION + ASTHMA,0_0_1,,1.0,,,,,
