DIABETES,HIPERTENSION,death_rate,n,features,combo,OBESITY,COPD,ASTHMA,CARDIOVASCULAR,RENAL_CHRONIC,INMSUPR,TOBACCO,OTHER_DISEASE
1.0,,0.5368711233631978,4353,DIABETES + RENAL_CHRONIC,1_1,,,,,1.0,,,
,1.0,0.5022710068130204,5284,HIPERTENSION + RENAL_CHRONIC,1_1,,,,,1.0,,,
,,0.5020576131687243,486,COPD + RENAL_CHRONIC,1_1,,1.0,,,1.0,,,
,,0.48562300319488816,626,RENAL_CHRONIC + OTHER_DISEASE,1_1,,,,,1.0,,,1.0
,,0.475531914893617,940,CARDIOVASCULAR + RENAL_CHRONIC,1_1,,,,1.0,1.0,,,
,,0.47118847539015607,1666,OBESITY + RENAL_CHRONIC,1_1,1.0,,,,1.0,,,
1.0,,0.46929646197641317,2459,DIABETES + COPD,1_1,,1.0,,,,,,
,1.0,0.46122059758423395,3146,HIPERTENSION + COPD,1_1,,1.0,,,,,,
,,0.4577114427860697,402,COPD + OTHER_DISEASE,1_1,,1.0,,,,,,1.0
,,0.4543147208121827,788,COPD + CARDIOVASCULAR,1_1,,1.0,,1.0,,,,
,,0.4516297944757167,7639,ASTHMA + RENAL_CHRONIC,0_1,,,0.0,,1.0,,,
,,0.4492410527781646,7181,RENAL_CHRONIC + INMSUPR,1_0,,,,,1.0,0.0,,
,,0.44811122033422274,7121,RENAL_CHRONIC + TOBACCO,1_0,,,,,1.0,,0.0,
,,0.44364937388193204,7267,RENAL_CHRONIC + OTHER_DISEASE,1_0,,,,,1.0,,,0.0
,,0.44336438504117726,7407,COPD + RENAL_CHRONIC,0_1,,0.0,,,1.0,,,
,,0.44311807852725443,6953,CARDIOVASCULAR + RENAL_CHRONIC,0_1,,,,0.0,1.0,,,
,,0.4405010438413361,6227,OBESITY + RENAL_CHRONIC,0_1,0.0,,,,1.0,,,
1.0,,0.43897026187305815,2253,DIABETES + OTHER_DISEASE,1_1,,,,,,,,1.0
,,0.4365284974093264,772,RENAL_CHRONIC + TOBACCO,1_1,,,,,1.0,,1.0,
,,0.4241573033707865,712,RENAL_CHRONIC + INMSUPR,1_1,,,,,1.0,1.0,,
,,0.423686553873553,5615,COPD + ASTHMA,1_0,,1.0,0.0,,,,,
,,0.4205629216096767,4299,OBESITY + COPD,0_1,0.0,1.0,,,,,,
,,0.4195121951219512,1230,COPD + TOBACCO,1_1,,1.0,,,,,1.0,
,1.0,0.4184922680412371,3104,HIPERTENSION + OTHER_DISEASE,1_1,,,,,,,,1.0
,,0.4152823920265781,5719,COPD + INMSUPR,1_0,,1.0,,,,0.0,,
1.0,,0.41508238276299114,1578,DIABETES + INMSUPR,1_1,,,,,,1.0,,
1.0,,0.4128843338213763,3415,DIABETES + CARDIOVASCULAR,1_1,,,,1.0,,,,
,,0.4110973597359736,4848,COPD + TOBACCO,1_0,,1.0,,,,,0.0,
,,0.4096194503171247,5676,COPD + OTHER_DISEASE,1_0,,1.0,,,,,,0.0
,,0.40661625708884686,5290,COPD + CARDIOVASCULAR,1_0,,1.0,,0.0,,,,
,,0.4050429184549356,5592,COPD + RENAL_CHRONIC,1_0,,1.0,,,0.0,,,
,1.0,0.3950400312438977,5121,HIPERTENSION + CARDIOVASCULAR,1_1,,,,1.0,,,,
,,0.3940415964024733,1779,OBESITY + COPD,1_1,1.0,1.0,,,,,,
,1.0,0.3933415536374846,1622,HIPERTENSION + INMSUPR,1_1,,,,,,1.0,,
,,0.38362068965517243,464,CARDIOVASCULAR + INMSUPR,1_1,,,,1.0,,1.0,,
,,0.37817258883248733,788,CARDIOVASCULAR + OTHER_DISEASE,1_1,,,,1.0,,,,1.0
1.0,1.0,0.377243512005821,32984,DIABETES + HIPERTENSION,1_1,,,,,,,,
0.0,,0.37441282122133185,3619,DIABETES + COPD,0_1,,1.0,,,,,,
,,0.3732590529247911,359,COPD + INMSUPR,1_1,,1.0,,,,1.0,,
,,0.3614931237721022,1018,CARDIOVASCULAR + TOBACCO,1_1,,,,1.0,,,1.0,
,0.0,0.3608458390177353,2932,HIPERTENSION + COPD,0_1,,1.0,,,,,,
,,0.3553019145802651,2716,OBESITY + CARDIOVASCULAR,1_1,1.0,,,1.0,,,,
1.0,,0.3475743661409463,5009,DIABETES + TOBACCO,1_1,,,,,,,1.0,
,,0.33944610778443113,8016,ASTHMA + CARDIOVASCULAR,0_1,,,0.0,1.0,,,,
0.0,,0.3364406779661017,3540,DIABETES + RENAL_CHRONIC,0_1,,,,,1.0,,,
,0.0,0.33499425067075506,2609,HIPERTENSION + RENAL_CHRONIC,0_1,,,,,1.0,,,
,,0.33199245757385293,7955,CARDIOVASCULAR + INMSUPR,1_0,,,,1.0,,0.0,,
,,0.33176470588235296,850,INMSUPR + OTHER_DISEASE,1_1,,,,,,1.0,,1.0
,,0.33117146331576813,7401,CARDIOVASCULAR + TOBACCO,1_0,,,,1.0,,,0.0,
,,0.3303629930546455,7631,CARDIOVASCULAR + OTHER_DISEASE,1_0,,,,1.0,,,,0.0
,1.0,0.32954738091201896,5899,HIPERTENSION + TOBACCO,1_1,,,,,,,1.0,
1.0,,0.32887068829736965,44443,DIABETES + OBESITY,1_0,0.0,,,,,,,
1.0,,0.32814924825204,59927,DIABETES + ASTHMA,1_0,,,0.0,,,,,
,,0.3250920568122041,5703,OBESITY + CARDIOVASCULAR,0_1,0.0,,,1.0,,,,
1.0,,0.3237365624613864,56651,DIABETES + TOBACCO,1_0,,,,,,,0.0,
1.0,,0.3233247894544123,60082,DIABETES + INMSUPR,1_0,,,,,,0.0,,
,,0.3225003276110601,7631,COPD + CARDIOVASCULAR,0_1,,0.0,,1.0,,,,
1.0,,0.32137626878987324,59407,DIABETES + OTHER_DISEASE,1_0,,,,,,,,0.0
1.0,,0.320559704695682,58245,DIABETES + CARDIOVASCULAR,1_0,,,,0.0,,,,
1.0,,0.3197074373743687,59201,DIABETES + COPD,1_0,,0.0,,,,,,
1.0,,0.3174188302259395,17217,DIABETES + OBESITY,1_1,1.0,,,,,,,
,,0.31715469982618,7479,CARDIOVASCULAR + RENAL_CHRONIC,1_0,,,,1.0,0.0,,,
,,0.3140138408304498,1156,OBESITY + INMSUPR,1_1,1.0,,,,,1.0,,
1.0,,0.3096305861413091,57307,DIABETES + RENAL_CHRONIC,1_0,,,,,0.0,,,
,,0.30708661417322836,254,ASTHMA + RENAL_CHRONIC,1_1,,,1.0,,1.0,,,
,1.0,0.3069984683168504,52883,HIPERTENSION + OBESITY,1_0,0.0,,,,,,,
,1.0,0.30390243902439024,73800,HIPERTENSION + ASTHMA,1_0,,,0.0,,,,,
,,0.30202702702702705,4440,ASTHMA + INMSUPR,0_1,,,0.0,,,1.0,,
,,0.3019271948608137,467,INMSUPR + TOBACCO,1_1,,,,,,1.0,1.0,
,1.0,0.299230439212742,74588,HIPERTENSION + INMSUPR,1_0,,,,,,0.0,,
,1.0,0.29885793119142096,70311,HIPERTENSION + TOBACCO,1_0,,,,,,,0.0,
,1.0,0.2962547533718163,73106,HIPERTENSION + OTHER_DISEASE,1_0,,,,,,,,0.0
,1.0,0.2944759386121622,71089,HIPERTENSION + CARDIOVASCULAR,1_0,,,,0.0,,,,
,1.0,0.2943446841125589,73064,HIPERTENSION + COPD,1_0,,0.0,,,,,,
,,0.29368988974900306,4263,INMSUPR + TOBACCO,1_0,,,,,,1.0,0.0,
,,0.2881925013989927,3574,OBESITY + INMSUPR,0_1,0.0,,,,,1.0,,
,1.0,0.2881639302096283,23327,HIPERTENSION + OBESITY,1_1,1.0,,,,,,,
,,0.2880347746511096,4371,COPD + INMSUPR,0_1,,0.0,,,,1.0,,
,,0.286340206185567,3880,INMSUPR + OTHER_DISEASE,1_0,,,,,,1.0,,0.0
,1.0,0.28625609790485856,70926,HIPERTENSION + RENAL_CHRONIC,1_0,,,,,0.0,,,
,,0.2848101265822785,4266,CARDIOVASCULAR + INMSUPR,0_1,,,,0.0,,1.0,,
0.0,,0.28157474020783374,5004,DIABETES + CARDIOVASCULAR,0_1,,,,1.0,,,,
,,0.2815161839863714,2348,OBESITY + OTHER_DISEASE,1_1,1.0,,,,,,,1.0
,,0.28077753779697623,463,COPD + ASTHMA,1_1,,1.0,1.0,,,,,
,,0.27801268498942916,946,TOBACCO + OTHER_DISEASE,1_1,,,,,,,1.0,1.0
,,0.27166963630646684,9541,ASTHMA + OTHER_DISEASE,0_1,,,0.0,,,,,1.0
,,0.2715281234444997,4018,RENAL_CHRONIC + INMSUPR,0_1,,,,,0.0,1.0,,
1.0,0.0,0.26635514018691586,28676,DIABETES + HIPERTENSION,1_0,,,,,,,,
,,0.26560071063735285,9006,TOBACCO + OTHER_DISEASE,0_1,,,,,,,0.0,1.0
,,0.2622304050499737,7604,OBESITY + OTHER_DISEASE,0_1,0.0,,,,,,,1.0
,,0.26071193144363874,9102,INMSUPR + OTHER_DISEASE,0_1,,,,,,0.0,,1.0
,,0.2587434554973822,9550,COPD + OTHER_DISEASE,0_1,,0.0,,,,,,1.0
,,0.2572020951549542,9164,CARDIOVASCULAR + OTHER_DISEASE,0_1,,,,0.0,,,,1.0
,,0.25209092858674675,9326,RENAL_CHRONIC + OTHER_DISEASE,0_1,,,,,0.0,,,1.0
0.0,1.0,0.2432332392541526,43226,DIABETES + HIPERTENSION,0_1,,,,,,,,
,,0.24317617866004962,403,ASTHMA + CARDIOVASCULAR,1_1,,,1.0,1.0,,,,
,0.0,0.24292149292149293,3108,HIPERTENSION + INMSUPR,0_1,,,,,,1.0,,
,0.0,0.24135839902971498,3298,HIPERTENSION + CARDIOVASCULAR,0_1,,,,1.0,,,,
1.0,,0.2400461627236007,1733,DIABETES + ASTHMA,1_1,,,1.0,,,,,
0.0,,0.23413705583756345,3152,DIABETES + INMSUPR,0_1,,,,,,1.0,,
,1.0,0.21950207468879668,2410,HIPERTENSION + ASTHMA,1_1,,,1.0,,,,,
0.0,,0.21639173918690738,7699,DIABETES + OTHER_DISEASE,0_1,,,,,,,,1.0
,0.0,0.19801401869158877,6848,HIPERTENSION + OTHER_DISEASE,0_1,,,,,,,,1.0
,,0.1828625099342533,69205,OBESITY + ASTHMA,1_0,1.0,,0.0,,,,,
,,0.18209053035622338,64089,OBESITY + TOBACCO,1_0,1.0,,,,,,0.0,
,,0.1793103448275862,290,ASTHMA + INMSUPR,1_1,,,1.0,,,1.0,,
,,0.1790757200720072,71104,OBESITY + INMSUPR,1_0,1.0,,,,,0.0,,
,,0.1778664606934432,69912,OBESITY + OTHER_DISEASE,1_0,1.0,,,,,,,0.0
,,0.17586299853861323,70481,OBESITY + COPD,1_0,1.0,0.0,,,,,,
,,0.17451964263859993,8171,OBESITY + TOBACCO,1_1,1.0,,,,,,1.0,
,,0.17443632808006443,69544,OBESITY + CARDIOVASCULAR,1_0,1.0,,,0.0,,,,
,,0.17439159135337282,70594,OBESITY + RENAL_CHRONIC,1_0,1.0,,,,0.0,,,
,,0.15328467153284672,411,ASTHMA + OTHER_DISEASE,1_1,,,1.0,,,,,1.0
,,0.15265606404846913,27729,ASTHMA + TOBACCO,0_1,,,0.0,,,,1.0,
,,0.14898845989457188,28076,INMSUPR + TOBACCO,0_1,,,,,,0.0,1.0,
,,0.1471536761242164,27597,TOBACCO + OTHER_DISEASE,1_0,,,,,,,1.0,0.0
,,0.14435351882160394,3055,OBESITY + ASTHMA,1_1,1.0,,1.0,,,,,
,,0.14372388737511355,27525,CARDIOVASCULAR + TOBACCO,0_1,,,,0.0,,,1.0,
,,0.14356703035540672,27771,RENAL_CHRONIC + TOBACCO,0_1,,,,,0.0,,1.0,
,,0.142254074219517,20372,OBESITY + TOBACCO,0_1,0.0,,,,,,1.0,
,,0.13942078863544832,27313,COPD + TOBACCO,0_1,,0.0,,,,,1.0,
0.0,,0.1386370655669204,55043,DIABETES + OBESITY,0_1,1.0,,,,,,,
,,0.1369811858608894,350800,ASTHMA + TOBACCO,0_0,,,0.0,,,,0.0,
,,0.13618417007717415,374089,ASTHMA + INMSUPR,0_0,,,0.0,,,0.0,,
,,0.13467646644335318,368988,ASTHMA + OTHER_DISEASE,0_0,,,0.0,,,,,0.0
,,0.134196070501803,356076,INMSUPR + TOBACCO,0_0,,,,,,0.0,0.0,
,,0.13382978381074456,372914,COPD + ASTHMA,0_0,,0.0,0.0,,,,,
,,0.13377398363890067,370513,ASTHMA + CARDIOVASCULAR,0_0,,,0.0,0.0,,,,
,,0.13276293431018435,351333,TOBACCO + OTHER_DISEASE,0_0,,,,,,,0.0,0.0
,,0.13233246411301552,355491,COPD + TOBACCO,0_0,,0.0,,,,,0.0,
,,0.13223303559525396,375050,INMSUPR + OTHER_DISEASE,0_0,,,,,,0.0,,0.0
,,0.13199202126152468,352938,CARDIOVASCULAR + TOBACCO,0_0,,,,0.0,,,0.0,
,,0.13167246353366227,370890,ASTHMA + RENAL_CHRONIC,0_0,,,0.0,,0.0,,,
,,0.1311174730261007,376197,CARDIOVASCULAR + INMSUPR,0_0,,,,0.0,,0.0,,
,,0.1310456540523686,378433,COPD + INMSUPR,0_0,,0.0,,,,0.0,,
,0.0,0.13025974291378006,48933,HIPERTENSION + OBESITY,0_1,1.0,,,,,,,
,,0.12979236618745363,353218,RENAL_CHRONIC + TOBACCO,0_0,,,,,0.0,,0.0,
,,0.12977142410833317,371299,CARDIOVASCULAR + OTHER_DISEASE,0_0,,,,0.0,,,,0.0
,,0.12961682929050994,373254,COPD + OTHER_DISEASE,0_0,,0.0,,,,,,0.0
,,0.12929641802685088,376971,RENAL_CHRONIC + INMSUPR,0_0,,,,,0.0,0.0,,
,,0.1289804969973852,375173,COPD + CARDIOVASCULAR,0_0,,0.0,,0.0,,,,
,,0.12812132262611373,309324,OBESITY + ASTHMA,0_0,0.0,,0.0,,,,,
,,0.12775282984854558,371663,RENAL_CHRONIC + OTHER_DISEASE,0_0,,,,,0.0,,,0.0
,,0.12706487108778883,373510,CARDIOVASCULAR + RENAL_CHRONIC,0_0,,,,0.0,0.0,,,
,,0.12671118842185738,375397,COPD + RENAL_CHRONIC,0_0,,0.0,,,0.0,,,
,,0.12612995780590716,296250,OBESITY + TOBACCO,0_0,0.0,,,,,,0.0,
,,0.12532902302522297,313048,OBESITY + INMSUPR,0_0,0.0,,,,,0.0,,
,,0.12384391847724081,309018,OBESITY + OTHER_DISEASE,0_0,0.0,,,,,,,0.0
,,0.12353699838221531,310919,OBESITY + CARDIOVASCULAR,0_0,0.0,,,0.0,,,,
,,0.12312894023174727,312323,OBESITY + COPD,0_0,0.0,0.0,,,,,,
,,0.12088145749770454,310395,OBESITY + RENAL_CHRONIC,0_0,0.0,,,,0.0,,,
,,0.11179361179361179,814,ASTHMA + TOBACCO,1_1,,,1.0,,,,1.0,
0.0,,0.10975609756097561,23534,DIABETES + TOBACCO,0_1,,,,,,,1.0,
,0.0,0.10510510510510511,22644,HIPERTENSION + TOBACCO,0_1,,,,,,,1.0,
,,0.10305063423838977,9539,ASTHMA + TOBACCO,1_0,,,1.0,,,,0.0,
0.0,,0.10238793227914451,318602,DIABETES + ASTHMA,0_0,,,0.0,,,,,
,,0.10168980084490042,9942,ASTHMA + OTHER_DISEASE,1_0,,,1.0,,,,,0.0
,,0.10156017092318394,10063,ASTHMA + INMSUPR,1_0,,,1.0,,,0.0,,
0.0,,0.10107742156423698,303688,DIABETES + TOBACCO,0_0,,,,,,,0.0,
0.0,,0.10041349091245719,324070,DIABETES + INMSUPR,0_0,,,,,,0.0,,
0.0,,0.09913433555155987,323682,DIABETES + RENAL_CHRONIC,0_0,,,,,0.0,,,
0.0,,0.09893810461218754,319523,DIABETES + OTHER_DISEASE,0_0,,,,,,,,0.0
0.0,,0.0989081925901098,322218,DIABETES + CARDIOVASCULAR,0_0,,,,0.0,,,,
0.0,,0.09865174303081245,323603,DIABETES + COPD,0_0,,0.0,,,,,,
,,0.09862362610159421,10099,ASTHMA + RENAL_CHRONIC,1_0,,,1.0,,0.0,,,
,,0.09809045226130653,9950,ASTHMA + CARDIOVASCULAR,1_0,,,1.0,0.0,,,,
,0.0,0.09798214150934109,304729,HIPERTENSION + ASTHMA,0_0,,,0.0,,,,,
,0.0,0.09662170549050436,290028,HIPERTENSION + TOBACCO,0_0,,,,,,,0.0,
,0.0,0.09577341034487215,309564,HIPERTENSION + INMSUPR,0_0,,,,,,0.0,,
,0.0,0.09569970327176815,309374,HIPERTENSION + CARDIOVASCULAR,0_0,,,,0.0,,,,
,,0.09544994944388271,9890,COPD + ASTHMA,0_1,,0.0,1.0,,,,,
,0.0,0.0952354844015571,310063,HIPERTENSION + RENAL_CHRONIC,0_0,,,,,0.0,,,
,0.0,0.09497946531338286,305824,HIPERTENSION + OTHER_DISEASE,0_0,,,,,,,,0.0
,0.0,0.09474075030670885,309740,HIPERTENSION + COPD,0_0,,0.0,,,,,,
0.0,,0.09423210460762954,272179,DIABETES + OBESITY,0_0,0.0,,,,,,,
,0.0,0.09110901307732265,263739,HIPERTENSION + OBESITY,0_0,0.0,,,,,,,
,,0.08673609208002192,7298,OBESITY + ASTHMA,0_1,0.0,,1.0,,,,,
0.0,0.0,0.08015957971239032,283996,DIABETES + HIPERTENSION,0_0,,,,,,,,
0.0,,0.07633410672853828,8620,DIABETES + ASTHMA,0_1,,,1.0,,,,,
,0.0,0.06861387385118972,7943,HIPERTENSION + ASTHMA,0_1,,,1.0,,,,,
